implementation,matrix_type,n,nrhs,trial,factorization_time_ms,solve_kernel_time_ms,solve_loop_time_ms,total_time_ms,time_per_rhs_ms,estimated_gflops,solve_residual_max,solve_residual_mean,solution_error_inf,solution_error_l2,status
custom_lu,random_dense,8,1,0,0.00179537,0.00046957,0.00075041,0.00254578,0.00075041,0.184357,6.66077e-17,6.66077e-17,1.5919e-15,1.90127e-15,success
custom_lu,random_dense,8,2,0,0.00169162,0.00092249,0.00144124,0.00313286,0.00072062,0.190667,1.15732e-16,9.11698e-17,1.57895e-15,1.41424e-15,success
custom_lu,random_dense,8,4,0,0.00169585,0.00188625,0.00289877,0.00459462,0.000724692,0.185724,1.15732e-16,7.46656e-17,1.57895e-15,1.12966e-15,success
custom_lu,random_dense,8,8,0,0.00173295,0.00368786,0.00564578,0.00737873,0.000705722,0.185036,1.15732e-16,5.63394e-17,1.57895e-15,1.01392e-15,success
custom_lu,random_dense,8,16,0,0.00169044,0.00735652,0.011287,0.0129775,0.000705438,0.184114,1.15732e-16,5.30852e-17,1.56645e-15,7.71086e-16,success
custom_lu,random_dense,8,1,1,0.00169086,0.00045881,0.00073753,0.00242839,0.00073753,0.193269,5.07572e-17,5.07572e-17,1.86943e-14,1.32203e-14,success
custom_lu,random_dense,8,2,1,0.00168623,0.00094505,0.00148875,0.00317498,0.000744375,0.188138,5.45262e-17,5.26417e-17,2.9488e-14,1.79607e-14,success
custom_lu,random_dense,8,4,1,0.00178041,0.00184879,0.00284782,0.00462823,0.000711955,0.184376,6.96272e-17,6.01345e-17,7.63627e-14,3.8991e-14,success
custom_lu,random_dense,8,8,1,0.00168453,0.00379668,0.00584287,0.0075274,0.000730359,0.181382,1.12212e-16,7.48085e-17,8.20099e-14,4.30888e-14,success
custom_lu,random_dense,8,16,1,0.00168706,0.00764788,0.0116267,0.0133138,0.000726671,0.179463,1.12212e-16,6.61118e-17,8.20099e-14,3.9644e-14,success
custom_lu,random_dense,8,1,2,0.00165706,0.00049293,0.00078543,0.00244249,0.00078543,0.192154,2.55555e-17,2.55555e-17,1.09263e-15,9.08612e-16,success
custom_lu,random_dense,8,2,2,0.00166461,0.00098368,0.00154204,0.00320665,0.00077102,0.18628,5.6092e-17,4.08237e-17,9.28989e-16,6.27803e-16,success
custom_lu,random_dense,8,4,2,0.00166494,0.00191502,0.00294126,0.0046062,0.000735315,0.185258,6.03641e-17,4.51751e-17,9.24735e-16,6.33684e-16,success
custom_lu,random_dense,8,8,2,0.00162963,0.00380043,0.00582922,0.00745885,0.000728652,0.183049,1.05436e-16,6.19723e-17,9.24735e-16,5.68826e-16,success
custom_lu,random_dense,8,16,2,0.00159415,0.00770867,0.0117304,0.0133246,0.000733151,0.179318,1.05436e-16,4.94671e-17,8.90145e-16,5.04024e-16,success
custom_lu,random_dense,8,1,3,0.00169706,0.00047912,0.00076169,0.00245875,0.00076169,0.190883,2.4926e-17,2.4926e-17,5.3674e-16,5.4966e-16,success
custom_lu,random_dense,8,2,3,0.00164295,0.00094708,0.00148711,0.00313006,0.000743555,0.190838,3.85238e-17,3.17249e-17,7.19377e-16,7.6308e-16,success
custom_lu,random_dense,8,4,3,0.00170209,0.00186579,0.00288002,0.00458211,0.000720005,0.186232,7.27218e-17,4.52401e-17,1.00413e-15,7.53991e-16,success
custom_lu,random_dense,8,8,3,0.00158454,0.00377154,0.00575081,0.00733535,0.000718851,0.186131,7.27218e-17,4.77621e-17,1.35139e-15,8.2523e-16,success
custom_lu,random_dense,8,16,3,0.00158167,0.00737755,0.0112546,0.0128362,0.000703411,0.18614,1.1989e-16,5.31029e-17,1.2792e-15,7.49913e-16,success
custom_lu,random_dense,8,1,4,0.00178541,0.00046329,0.00073874,0.00252415,0.00073874,0.185937,6.05153e-17,6.05153e-17,7.00813e-16,5.85025e-16,success
custom_lu,random_dense,8,2,4,0.00177127,0.0009192,0.00144374,0.00321501,0.00072187,0.185795,7.09577e-17,6.57365e-17,7.00813e-16,5.02865e-16,success
custom_lu,random_dense,8,4,4,0.00177291,0.00184334,0.00285126,0.00462417,0.000712815,0.184538,7.09577e-17,5.8074e-17,1.56315e-15,7.43327e-16,success
custom_lu,random_dense,8,8,4,0.00177508,0.00368706,0.00564294,0.00741802,0.000705367,0.184056,7.09577e-17,5.29103e-17,1.51874e-15,6.2073e-16,success
custom_lu,random_dense,8,16,4,0.00177162,0.00736159,0.0112604,0.013032,0.000703776,0.183343,1.23386e-16,5.19512e-17,1.51874e-15,5.95632e-16,success
custom_lu,diagonally_dominant,8,1,0,0.00129334,0.00046091,0.00073794,0.00203128,0.00073794,0.231053,6.73349e-17,6.73349e-17,4.00228e-16,2.76613e-16,success
custom_lu,diagonally_dominant,8,2,0,0.00129627,0.00092336,0.00144829,0.00274456,0.000724145,0.217643,6.73349e-17,5.21595e-17,4.00228e-16,2.20672e-16,success
custom_lu,diagonally_dominant,8,4,0,0.00129136,0.0018387,0.00284959,0.00414095,0.000712397,0.206072,6.73349e-17,5.12405e-17,3.34766e-16,1.75756e-16,success
custom_lu,diagonally_dominant,8,8,0,0.00129259,0.00368913,0.00564914,0.00694173,0.000706142,0.196685,7.20091e-17,4.93987e-17,3.34766e-16,1.55374e-16,success
custom_lu,diagonally_dominant,8,16,0,0.00128838,0.00742619,0.0113741,0.0126625,0.000710883,0.188694,1.25351e-16,5.79537e-17,3.34766e-16,1.68442e-16,success
custom_lu,diagonally_dominant,8,1,1,0.00128996,0.00046163,0.00073294,0.0020229,0.00073294,0.23201,7.11131e-17,7.11131e-17,2.36083e-16,1.64063e-16,success
custom_lu,diagonally_dominant,8,2,1,0.00128841,0.00095586,0.00149628,0.00278469,0.00074814,0.214506,7.11131e-17,5.11508e-17,2.30177e-16,1.44798e-16,success
custom_lu,diagonally_dominant,8,4,1,0.00136375,0.00195915,0.00302583,0.00438958,0.000756457,0.1944,7.11131e-17,5.85645e-17,2.30177e-16,1.58243e-16,success
custom_lu,diagonally_dominant,8,8,1,0.00136671,0.00384753,0.00587834,0.00724505,0.000734792,0.188451,1.18044e-16,7.35131e-17,3.45265e-16,2.05456e-16,success
custom_lu,diagonally_dominant,8,16,1,0.00131294,0.00755424,0.0115108,0.0128237,0.000719424,0.186321,1.27793e-16,7.72616e-17,3.38485e-16,1.96167e-16,success
custom_lu,diagonally_dominant,8,1,2,0.0013221,0.00047538,0.00075999,0.00208209,0.00075999,0.225415,1.436e-17,1.436e-17,6.45839e-17,5.62966e-17,success
custom_lu,diagonally_dominant,8,2,2,0.00130293,0.00092664,0.00145546,0.00275839,0.00072773,0.216551,4.07404e-17,2.75502e-17,1.93752e-16,1.44213e-16,success
custom_lu,diagonally_dominant,8,4,2,0.00130074,0.00185087,0.00295044,0.00425118,0.00073761,0.200729,6.68394e-17,4.00552e-17,1.72187e-16,1.3296e-16,success
custom_lu,diagonally_dominant,8,8,2,0.00128998,0.00368961,0.00565459,0.00694457,0.000706824,0.196604,7.03148e-17,4.37681e-17,2.29583e-16,1.6371e-16,success
custom_lu,diagonally_dominant,8,16,2,0.00129415,0.00743609,0.0113567,0.0126508,0.000709793,0.188868,1.33555e-16,4.95534e-17,3.4048e-16,1.63643e-16,success
custom_lu,diagonally_dominant,8,1,3,0.00129469,0.00045952,0.00073791,0.0020326,0.00073791,0.230903,5.70471e-17,5.70471e-17,2.50652e-16,1.34283e-16,success
custom_lu,diagonally_dominant,8,2,3,0.0012905,0.00092121,0.00144416,0.00273466,0.00072208,0.218431,5.70471e-17,4.34943e-17,2.50652e-16,1.22022e-16,success
custom_lu,diagonally_dominant,8,4,3,0.00128994,0.00184495,0.00285086,0.0041408,0.000712715,0.206079,5.70471e-17,4.13057e-17,2.50652e-16,1.2944e-16,success
custom_lu,diagonally_dominant,8,8,3,0.00129123,0.00373709,0.00571244,0.00700367,0.000714055,0.194945,6.71339e-17,4.36185e-17,2.50652e-16,1.2941e-16,success
custom_lu,diagonally_dominant,8,16,3,0.00130626,0.00736829,0.0112713,0.0125775,0.000704453,0.189969,6.9964e-17,4.70217e-17,3.33709e-16,1.63375e-16,success
custom_lu,diagonally_dominant,8,1,4,0.00129121,0.00046456,0.00074452,0.00203573,0.00074452,0.230548,6.19672e-17,6.19672e-17,2.29664e-16,1.74608e-16,success
custom_lu,diagonally_dominant,8,2,4,0.00129332,0.00091825,0.00144669,0.00274001,0.000723345,0.218004,6.19672e-17,5.93144e-17,2.24655e-16,1.96636e-16,success
custom_lu,diagonally_dominant,8,4,4,0.00129382,0.00183663,0.00283375,0.00412757,0.000708437,0.20674,1.3283e-16,7.89553e-17,3.36982e-16,1.94055e-16,success
custom_lu,diagonally_dominant,8,8,4,0.00129216,0.00368385,0.00564454,0.0069367,0.000705567,0.196828,1.3283e-16,7.19573e-17,3.36982e-16,1.77841e-16,success
custom_lu,diagonally_dominant,8,16,4,0.00129375,0.00736064,0.011245,0.0125387,0.000702812,0.190556,1.44933e-16,7.23661e-17,3.34802e-16,1.79267e-16,success
custom_lu,random_dense,16,1,0,0.0106312,0.00129211,0.00167416,0.0123054,0.00167416,0.263516,5.15023e-17,5.15023e-17,1.61615e-15,1.16484e-15,success
custom_lu,random_dense,16,2,0,0.0106204,0.00256664,0.00327922,0.0138996,0.00163961,0.270127,5.36416e-17,5.2572e-17,2.06199e-15,1.34799e-15,success
custom_lu,random_dense,16,4,0,0.011595,0.00545783,0.00692537,0.0185204,0.00173134,0.258022,1.15309e-16,6.93878e-17,2.06199e-15,1.11089e-15,success
custom_lu,random_dense,16,8,0,0.0109163,0.0103416,0.0130887,0.0240051,0.00163609,0.284384,1.35216e-16,7.68884e-17,2.06154e-15,1.03475e-15,success
custom_lu,random_dense,16,16,0,0.0108616,0.0206092,0.0260342,0.0368958,0.00162714,0.296041,1.35216e-16,7.0955e-17,3.55345e-15,1.37809e-15,success
custom_lu,random_dense,16,1,1,0.0101826,0.0012879,0.00166547,0.011848,0.00166547,0.273688,4.94425e-17,4.94425e-17,1.69757e-15,1.07922e-15,success
custom_lu,random_dense,16,2,1,0.0104058,0.00258296,0.00329955,0.0137054,0.00164977,0.273956,6.73738e-17,5.84081e-17,1.69757e-15,1.16827e-15,success
custom_lu,random_dense,16,4,1,0.0101846,0.00515537,0.00654163,0.0167262,0.00163541,0.285699,1.40098e-16,8.9467e-17,2.23513e-15,1.29992e-15,success
custom_lu,random_dense,16,8,1,0.0102163,0.0103294,0.0130609,0.0232772,0.00163261,0.293277,1.40098e-16,8.62564e-17,2.20322e-15,1.29568e-15,success
custom_lu,random_dense,16,16,1,0.0106887,0.0208125,0.0262984,0.0369871,0.00164365,0.29531,1.40098e-16,8.25894e-17,2.56578e-15,1.29121e-15,success
custom_lu,random_dense,16,1,2,0.0104088,0.00129281,0.00166837,0.0120771,0.00166837,0.268496,7.37166e-17,7.37166e-17,7.37838e-16,7.65995e-16,success
custom_lu,random_dense,16,2,2,0.0103088,0.00258215,0.00330122,0.01361,0.00165061,0.275876,7.37166e-17,6.64615e-17,1.32356e-15,1.01502e-15,success
custom_lu,random_dense,16,4,2,0.0103166,0.00517886,0.00656912,0.0168858,0.00164228,0.283,7.37166e-17,6.52858e-17,3.22258e-15,1.65649e-15,success
custom_lu,random_dense,16,8,2,0.0103125,0.0103209,0.0130617,0.0233741,0.00163271,0.292061,1.03971e-16,7.049e-17,3.67714e-15,1.64182e-15,success
custom_lu,random_dense,16,16,2,0.0103121,0.0206703,0.0261058,0.036418,0.00163162,0.299925,1.26479e-16,7.75644e-17,3.67582e-15,1.40773e-15,success
custom_lu,random_dense,16,1,3,0.0105412,0.00129626,0.00167786,0.0122191,0.00167786,0.265377,3.50095e-17,3.50095e-17,3.62533e-15,4.62549e-15,success
custom_lu,random_dense,16,2,3,0.0109916,0.00306388,0.00391118,0.0149028,0.00195559,0.251943,6.68339e-17,5.09217e-17,3.62533e-15,3.24551e-15,success
custom_lu,random_dense,16,4,3,0.010615,0.0054038,0.00687039,0.0174854,0.0017176,0.273294,8.20779e-17,6.27551e-17,3.62533e-15,3.10212e-15,success
custom_lu,random_dense,16,8,3,0.0111604,0.0109337,0.0138293,0.0249896,0.00172866,0.27318,1.19369e-16,6.56727e-17,7.29817e-15,4.08108e-15,success
custom_lu,random_dense,16,16,3,0.0111571,0.0217109,0.0274688,0.0386258,0.0017168,0.282781,1.19369e-16,6.98816e-17,7.26534e-15,4.21607e-15,success
custom_lu,random_dense,16,1,4,0.0104912,0.00131128,0.00168829,0.0121795,0.00168829,0.266239,8.287e-17,8.287e-17,9.22145e-16,9.25942e-16,success
custom_lu,random_dense,16,2,4,0.0102505,0.00256627,0.00328047,0.0135309,0.00164023,0.277488,1.76734e-16,1.29802e-16,1.15268e-15,9.54663e-16,success
custom_lu,random_dense,16,4,4,0.0101895,0.00513872,0.00652373,0.0167133,0.00163093,0.285921,1.76734e-16,1.02793e-16,2.32202e-15,1.44796e-15,success
custom_lu,random_dense,16,8,4,0.01067,0.0106632,0.0134917,0.0241617,0.00168647,0.28254,1.76734e-16,9.3672e-17,2.31384e-15,1.26398e-15,success
custom_lu,random_dense,16,16,4,0.0103038,0.0206535,0.0261166,0.0364204,0.00163229,0.299905,1.76734e-16,9.11178e-17,2.30701e-15,1.14778e-15,success
custom_lu,diagonally_dominant,16,1,0,0.00873411,0.00128793,0.0016629,0.010397,0.0016629,0.311885,1.17567e-16,1.17567e-16,3.39863e-16,2.20831e-16,success
custom_lu,diagonally_dominant,16,2,0,0.00873546,0.00257165,0.00328209,0.0120176,0.00164104,0.312432,1.17567e-16,1.16102e-16,4.5315e-16,2.28763e-16,success
custom_lu,diagonally_dominant,16,4,0,0.00876623,0.00514328,0.00653302,0.0152993,0.00163325,0.312346,1.27857e-16,9.69319e-17,4.5315e-16,2.20309e-16,success
custom_lu,diagonally_dominant,16,8,0,0.00873202,0.0103014,0.0130441,0.0217761,0.00163051,0.313493,1.27857e-16,1.05325e-16,4.4615e-16,2.21652e-16,success
custom_lu,diagonally_dominant,16,16,0,0.00873419,0.0205751,0.0260066,0.0347408,0.00162541,0.314405,1.27857e-16,9.34134e-17,4.45808e-16,2.1132e-16,success
custom_lu,diagonally_dominant,16,1,1,0.00887997,0.00129167,0.00166667,0.0105466,0.00166667,0.30746,9.67485e-17,9.67485e-17,3.73643e-16,2.85094e-16,success
custom_lu,diagonally_dominant,16,2,1,0.00873794,0.00257709,0.00329546,0.0120334,0.00164773,0.31202,1.20739e-16,1.08744e-16,5.6959e-16,3.25842e-16,success
custom_lu,diagonally_dominant,16,4,1,0.00873663,0.00514451,0.00652792,0.0152646,0.00163198,0.313057,1.20739e-16,1.08003e-16,5.66969e-16,2.99402e-16,success
custom_lu,diagonally_dominant,16,8,1,0.00876417,0.0102804,0.0130151,0.0217792,0.00162688,0.313449,1.21518e-16,1.07779e-16,5.65695e-16,2.9741e-16,success
custom_lu,diagonally_dominant,16,16,1,0.00875335,0.0209349,0.0264425,0.0351959,0.00165266,0.310339,1.73004e-16,1.11425e-16,5.55175e-16,3.04127e-16,success
custom_lu,diagonally_dominant,16,1,2,0.00873626,0.00128624,0.00166331,0.0103996,0.00166331,0.311808,6.16418e-17,6.16418e-17,2.27021e-16,1.68161e-16,success
custom_lu,diagonally_dominant,16,2,2,0.00875377,0.0025737,0.00329044,0.0120442,0.00164522,0.31174,1.18644e-16,9.01429e-17,3.37039e-16,1.97622e-16,success
custom_lu,diagonally_dominant,16,4,2,0.00877083,0.00517495,0.00655539,0.0153262,0.00163885,0.311797,1.18644e-16,7.38698e-17,3.37039e-16,2.02691e-16,success
custom_lu,diagonally_dominant,16,8,2,0.00873461,0.0103827,0.0131226,0.0218572,0.00164032,0.312331,1.26375e-16,7.60765e-17,4.49385e-16,1.92134e-16,success
custom_lu,diagonally_dominant,16,16,2,0.0088383,0.0206276,0.0260663,0.0349046,0.00162914,0.312929,1.26375e-16,7.45675e-17,4.47898e-16,1.8876e-16,success
custom_lu,diagonally_dominant,16,1,3,0.00873415,0.00128956,0.00166705,0.0104012,0.00166705,0.311759,7.01783e-17,7.01783e-17,1.21037e-16,1.75389e-16,success
custom_lu,diagonally_dominant,16,2,3,0.00881374,0.00257449,0.00329667,0.0121104,0.00164833,0.310036,7.01783e-17,6.77832e-17,2.39507e-16,1.68316e-16,success
custom_lu,diagonally_dominant,16,4,3,0.00873496,0.00526964,0.00667211,0.0154071,0.00166803,0.310161,1.14995e-16,8.69804e-17,4.46368e-16,1.87702e-16,success
custom_lu,diagonally_dominant,16,8,3,0.00898373,0.0103417,0.0130808,0.0220646,0.00163511,0.309395,1.33009e-16,8.64288e-17,4.46368e-16,1.93444e-16,success
custom_lu,diagonally_dominant,16,16,3,0.00877293,0.0207971,0.0262571,0.03503,0.00164107,0.311809,1.3559e-16,9.19677e-17,5.55116e-16,2.15687e-16,success
custom_lu,diagonally_dominant,16,1,4,0.00873249,0.00132082,0.00170671,0.0104392,0.00170671,0.310624,6.64802e-17,6.64802e-17,1.17586e-16,1.13277e-16,success
custom_lu,diagonally_dominant,16,2,4,0.00898622,0.00258329,0.00329794,0.0122842,0.00164897,0.305651,6.64802e-17,4.78051e-17,2.25842e-16,1.42755e-16,success
custom_lu,diagonally_dominant,16,4,4,0.0087325,0.00516213,0.0065533,0.0152858,0.00163833,0.312621,1.75371e-16,8.28401e-17,4.48637e-16,1.90662e-16,success
custom_lu,diagonally_dominant,16,8,4,0.00873586,0.0103105,0.0130509,0.0217868,0.00163136,0.31334,1.75371e-16,7.98106e-17,4.48637e-16,1.95105e-16,success
custom_lu,diagonally_dominant,16,16,4,0.00873246,0.0206828,0.0261675,0.0349,0.00163547,0.312971,1.75371e-16,7.94837e-17,4.45896e-16,2.02745e-16,success
custom_lu,random_dense,32,1,0,0.0688271,0.00420625,0.00474918,0.0735763,0.00474918,0.324742,9.93761e-17,9.93761e-17,1.30671e-14,8.48762e-15,success
custom_lu,random_dense,32,2,0,0.0691438,0.0084262,0.00948587,0.0786296,0.00474294,0.329918,1.0591e-16,1.02643e-16,1.30671e-14,6.48297e-15,success
custom_lu,random_dense,32,4,0,0.0686679,0.0169664,0.0190829,0.0877508,0.00477073,0.342303,1.29263e-16,1.08074e-16,1.28551e-14,7.0246e-15,success
custom_lu,random_dense,32,8,0,0.0685349,0.0334917,0.0376637,0.106199,0.00470797,0.359979,1.79446e-16,1.16988e-16,2.08317e-14,7.0215e-15,success
custom_lu,random_dense,32,16,0,0.068813,0.0669394,0.0753312,0.144144,0.0047082,0.37888,1.79446e-16,1.05642e-16,2.08317e-14,7.04661e-15,success
custom_lu,random_dense,32,1,1,0.0692625,0.00417496,0.0047059,0.0739684,0.0047059,0.323021,9.6603e-17,9.6603e-17,1.72134e-14,1.06698e-14,success
custom_lu,random_dense,32,2,1,0.0686329,0.00836669,0.00941671,0.0780496,0.00470836,0.33237,1.10443e-16,1.03523e-16,1.72134e-14,7.68464e-15,success
custom_lu,random_dense,32,4,1,0.0688642,0.0167542,0.0188712,0.0877354,0.0047178,0.342363,1.80424e-16,1.32603e-16,3.20324e-14,1.47579e-14,success
custom_lu,random_dense,32,8,1,0.0730916,0.03518,0.0395913,0.112683,0.00494891,0.339265,1.80424e-16,1.06796e-16,3.19945e-14,1.12978e-14,success
custom_lu,random_dense,32,16,1,0.0733941,0.0694304,0.0780642,0.151458,0.00487901,0.360583,2.4191e-16,1.21683e-16,6.44888e-14,1.66514e-14,success
custom_lu,random_dense,32,1,2,0.0706584,0.00418041,0.00471925,0.0753776,0.00471925,0.316982,1.65312e-16,1.65312e-16,2.90999e-15,2.30309e-15,success
custom_lu,random_dense,32,2,2,0.068868,0.00836497,0.00942583,0.0782938,0.00471292,0.331333,1.72864e-16,1.69088e-16,4.92461e-15,3.01713e-15,success
custom_lu,random_dense,32,4,2,0.069528,0.0167222,0.0188196,0.0883476,0.0047049,0.339991,1.74791e-16,1.44844e-16,4.90443e-15,2.47046e-15,success
custom_lu,random_dense,32,8,2,0.0687242,0.033744,0.0379709,0.106695,0.00474636,0.358305,1.74791e-16,1.27756e-16,4.90443e-15,2.35542e-15,success
custom_lu,random_dense,32,16,2,0.06868,0.067557,0.0760437,0.144724,0.00475273,0.377363,1.74791e-16,1.12647e-16,7.13372e-15,2.71446e-15,success
custom_lu,random_dense,32,1,3,0.0682658,0.00420826,0.00474416,0.07301,0.00474416,0.327261,8.22249e-17,8.22249e-17,1.39671e-14,9.96292e-15,success
custom_lu,random_dense,32,2,3,0.0683995,0.00836169,0.00941374,0.0778133,0.00470687,0.333379,8.22249e-17,6.60016e-17,1.33272e-14,7.87454e-15,success
custom_lu,random_dense,32,4,3,0.0681621,0.016963,0.0190779,0.08724,0.00476949,0.344307,9.4861e-17,7.94517e-17,1.7075e-14,8.85795e-15,success
custom_lu,random_dense,32,8,3,0.068345,0.0334712,0.037655,0.106,0.00470688,0.360654,9.4861e-17,7.39375e-17,2.85699e-14,9.78061e-15,success
custom_lu,random_dense,32,16,3,0.0682825,0.0674995,0.0758958,0.144178,0.00474349,0.37879,1.30399e-16,8.02894e-17,2.85699e-14,8.75994e-15,success
custom_lu,random_dense,32,1,4,0.0684679,0.00417668,0.00470998,0.0731778,0.00470998,0.326511,1.57418e-16,1.57418e-16,5.75407e-15,4.90626e-15,success
custom_lu,random_dense,32,2,4,0.0687008,0.00836039,0.0094125,0.0781133,0.00470625,0.332099,1.57418e-16,1.22959e-16,5.75407e-15,3.956e-15,success
custom_lu,random_dense,32,4,4,0.0685025,0.0167083,0.0188192,0.0873217,0.00470479,0.343985,1.57418e-16,1.0971e-16,7.64447e-15,4.17167e-15,success
custom_lu,random_dense,32,8,4,0.0690146,0.0336888,0.0378683,0.106883,0.00473354,0.357675,2.19322e-16,1.20562e-16,7.64447e-15,3.97522e-15,success
custom_lu,random_dense,32,16,4,0.0688058,0.0676492,0.076045,0.144851,0.00475281,0.377032,2.19322e-16,1.0869e-16,7.64447e-15,3.91503e-15,success
custom_lu,diagonally_dominant,32,1,0,0.0620562,0.00418501,0.00472164,0.0667778,0.00472164,0.357803,1.24465e-16,1.24465e-16,4.47971e-16,2.56969e-16,success
custom_lu,diagonally_dominant,32,2,0,0.0621808,0.0084058,0.00946999,0.0716508,0.004735,0.362052,1.82237e-16,1.53351e-16,5.59964e-16,2.66876e-16,success
custom_lu,diagonally_dominant,32,4,0,0.0619246,0.0167011,0.0187934,0.0807179,0.00469834,0.372127,1.82237e-16,1.54048e-16,5.57295e-16,2.95063e-16,success
custom_lu,diagonally_dominant,32,8,0,0.0622408,0.0334425,0.0376475,0.0998883,0.00470593,0.382721,1.82237e-16,1.42236e-16,5.57295e-16,2.92095e-16,success
custom_lu,diagonally_dominant,32,16,0,0.0622026,0.0680533,0.0764629,0.138665,0.00477893,0.39385,2.36636e-16,1.51335e-16,5.55349e-16,3.0323e-16,success
custom_lu,diagonally_dominant,32,1,1,0.0621671,0.00418287,0.004715,0.0668821,0.004715,0.357246,2.46135e-16,2.46135e-16,8.96783e-16,3.68943e-16,success
custom_lu,diagonally_dominant,32,2,1,0.0621917,0.00837045,0.00942748,0.0716192,0.00471374,0.362212,2.46135e-16,1.83032e-16,8.96783e-16,3.19411e-16,success
custom_lu,diagonally_dominant,32,4,1,0.0620159,0.0167371,0.0188417,0.0808576,0.00471042,0.371484,2.46135e-16,1.5794e-16,8.96783e-16,3.14038e-16,success
custom_lu,diagonally_dominant,32,8,1,0.06215,0.0335641,0.0377554,0.0999054,0.00471943,0.382655,2.46135e-16,1.34051e-16,8.92715e-16,2.91033e-16,success
custom_lu,diagonally_dominant,32,16,1,0.0619633,0.068082,0.0765475,0.138511,0.00478422,0.394289,2.46135e-16,1.50438e-16,8.88434e-16,2.93689e-16,success
custom_lu,diagonally_dominant,32,1,2,0.0619471,0.00417963,0.00470955,0.0666566,0.00470955,0.358454,1.30797e-16,1.30797e-16,4.54782e-16,2.57803e-16,success
custom_lu,diagonally_dominant,32,2,2,0.0621183,0.00835833,0.00941044,0.0715287,0.00470522,0.36267,1.30797e-16,1.15676e-16,4.54782e-16,2.67563e-16,success
custom_lu,diagonally_dominant,32,4,2,0.0621592,0.0167101,0.0188024,0.0809617,0.00470061,0.371007,2.42313e-16,1.68478e-16,6.71752e-16,3.15366e-16,success
custom_lu,diagonally_dominant,32,8,2,0.0621625,0.0335687,0.0379166,0.100079,0.00473958,0.381991,2.42313e-16,1.62927e-16,6.70335e-16,3.06319e-16,success
custom_lu,diagonally_dominant,32,16,2,0.0619092,0.0677149,0.07612,0.138029,0.0047575,0.395665,2.65707e-16,1.78573e-16,6.66806e-16,3.08524e-16,success
custom_lu,diagonally_dominant,32,1,3,0.0619542,0.00417833,0.00471546,0.0666697,0.00471546,0.358384,9.13813e-17,9.13813e-17,3.46602e-16,2.60198e-16,success
custom_lu,diagonally_dominant,32,2,3,0.0624767,0.00843465,0.00949995,0.0719767,0.00474998,0.360413,1.87534e-16,1.39458e-16,6.7199e-16,3.11192e-16,success
custom_lu,diagonally_dominant,32,4,3,0.0637862,0.0169163,0.0190429,0.0828291,0.00476072,0.362642,1.87534e-16,1.30176e-16,6.71793e-16,3.0072e-16,success
custom_lu,diagonally_dominant,32,8,3,0.0623312,0.0344746,0.0387425,0.101074,0.00484281,0.378232,2.41364e-16,1.74913e-16,7.80649e-16,3.40415e-16,success
custom_lu,diagonally_dominant,32,16,3,0.0620512,0.0683135,0.07684,0.138891,0.0048025,0.393209,2.41364e-16,1.65023e-16,7.80649e-16,3.27723e-16,success
custom_lu,diagonally_dominant,32,1,4,0.0620579,0.00417871,0.00470715,0.0667651,0.00470715,0.357872,1.26123e-16,1.26123e-16,5.67261e-16,3.36944e-16,success
custom_lu,diagonally_dominant,32,2,4,0.0619996,0.00837,0.00942708,0.0714267,0.00471354,0.363188,1.57524e-16,1.41824e-16,5.67261e-16,2.91572e-16,success
custom_lu,diagonally_dominant,32,4,4,0.0620129,0.016731,0.0188296,0.0808425,0.00470739,0.371554,1.93468e-16,1.51203e-16,6.74566e-16,3.1475e-16,success
custom_lu,diagonally_dominant,32,8,4,0.0621746,0.0334279,0.0376279,0.0998025,0.00470349,0.38305,1.93468e-16,1.3646e-16,6.66467e-16,2.84618e-16,success
custom_lu,diagonally_dominant,32,16,4,0.0620154,0.0681408,0.0767592,0.138775,0.00479745,0.39354,1.93468e-16,1.29508e-16,6.66467e-16,2.81439e-16,success
custom_lu,random_dense,64,1,0,0.492492,0.0151475,0.0159887,0.508481,0.0159887,0.359806,1.24586e-16,1.24586e-16,1.12239e-14,8.29034e-15,success
custom_lu,random_dense,64,2,0,0.494574,0.0303743,0.0320558,0.52663,0.0160279,0.362962,1.24586e-16,1.07445e-16,1.12239e-14,6.60677e-15,success
custom_lu,random_dense,64,4,0,0.492852,0.0607658,0.0641212,0.556974,0.0160303,0.372604,2.26171e-16,1.3695e-16,1.7447e-14,7.81504e-15,success
custom_lu,random_dense,64,8,0,0.491928,0.121292,0.127965,0.619893,0.0159957,0.387645,3.74987e-16,1.78139e-16,2.22255e-14,8.90614e-15,success
custom_lu,random_dense,64,16,0,0.4923,0.242713,0.25608,0.74838,0.016005,0.408662,3.74987e-16,1.65542e-16,2.22255e-14,8.09033e-15,success
custom_lu,random_dense,64,1,1,0.498575,0.015143,0.0159896,0.514565,0.0159896,0.355552,1.77438e-16,1.77438e-16,4.61832e-14,2.40994e-14,success
custom_lu,random_dense,64,2,1,0.49306,0.030305,0.0319858,0.525046,0.0159929,0.364057,1.77438e-16,1.59456e-16,4.54482e-14,2.49932e-14,success
custom_lu,random_dense,64,4,1,0.506894,0.0605814,0.0639967,0.570891,0.0159992,0.363521,1.77438e-16,1.40385e-16,6.1894e-14,2.56362e-14,success
custom_lu,random_dense,64,8,1,0.49324,0.121323,0.128017,0.621256,0.0160021,0.386795,2.78238e-16,1.64217e-16,1.26892e-13,3.36205e-14,success
custom_lu,random_dense,64,16,1,0.495898,0.2431,0.256555,0.752453,0.0160347,0.40645,2.78238e-16,1.7622e-16,1.27397e-13,3.63776e-14,success
custom_lu,random_dense,64,1,2,0.491583,0.0151325,0.0159767,0.50756,0.0159767,0.360459,1.95423e-16,1.95423e-16,9.66987e-15,6.25891e-15,success
custom_lu,random_dense,64,2,2,0.491567,0.0311887,0.0329154,0.524482,0.0164577,0.364448,1.95423e-16,1.69916e-16,9.66987e-15,5.15828e-15,success
custom_lu,random_dense,64,4,2,0.492901,0.0609185,0.0642704,0.557172,0.0160676,0.372472,1.95423e-16,1.50818e-16,1.10592e-14,6.22869e-15,success
custom_lu,random_dense,64,8,2,0.491488,0.121613,0.1283,0.619788,0.0160375,0.387711,2.97679e-16,1.65614e-16,1.46715e-14,6.46543e-15,success
custom_lu,random_dense,64,16,2,0.491694,0.242946,0.256298,0.747993,0.0160186,0.408874,2.97679e-16,1.62653e-16,1.46715e-14,6.263e-15,success
custom_lu,random_dense,64,1,3,0.491268,0.0151395,0.0159896,0.507257,0.0159896,0.360674,1.60344e-16,1.60344e-16,6.7254e-15,4.73753e-15,success
custom_lu,random_dense,64,2,3,0.491955,0.030447,0.0321274,0.524083,0.0160637,0.364726,1.60344e-16,1.30237e-16,1.07046e-14,6.45294e-15,success
custom_lu,random_dense,64,4,3,0.492313,0.0607218,0.0640866,0.5564,0.0160217,0.372988,1.60344e-16,1.36918e-16,1.06402e-14,5.54049e-15,success
custom_lu,random_dense,64,8,3,0.491427,0.12175,0.12846,0.619887,0.0160575,0.387649,2.23486e-16,1.56286e-16,1.34118e-14,5.69861e-15,success
custom_lu,random_dense,64,16,3,0.491204,0.243311,0.256718,0.747922,0.0160449,0.408912,3.05125e-16,1.75308e-16,1.94246e-14,6.66498e-15,success
custom_lu,random_dense,64,1,4,0.493051,0.0151996,0.0160392,0.50909,0.0160392,0.359376,1.36859e-16,1.36859e-16,5.76534e-15,4.22201e-15,success
custom_lu,random_dense,64,2,4,0.493186,0.0302958,0.03198,0.525166,0.01599,0.363974,1.36859e-16,1.20359e-16,1.02379e-14,5.4549e-15,success
custom_lu,random_dense,64,4,4,0.49383,0.0606246,0.0639799,0.55781,0.015995,0.372046,2.59808e-16,1.55165e-16,1.10169e-14,6.54053e-15,success
custom_lu,random_dense,64,8,4,0.493486,0.12127,0.127954,0.62144,0.0159942,0.38668,2.59808e-16,1.60335e-16,3.57213e-14,9.29942e-15,success
custom_lu,random_dense,64,16,4,0.493809,0.242914,0.2563,0.750109,0.0160187,0.40772,2.59808e-16,1.72894e-16,3.56695e-14,8.45952e-15,success
custom_lu,diagonally_dominant,64,1,0,0.46941,0.0151375,0.0159883,0.485399,0.0159883,0.376916,2.51841e-16,2.51841e-16,8.91028e-16,4.33655e-16,success
custom_lu,diagonally_dominant,64,2,0,0.465825,0.0302941,0.0319705,0.497796,0.0159852,0.383986,2.51841e-16,2.49539e-16,8.91028e-16,4.21364e-16,success
custom_lu,diagonally_dominant,64,4,0,0.465283,0.0606004,0.0639404,0.529223,0.0159851,0.392142,2.51841e-16,2.24415e-16,8.91028e-16,4.05301e-16,success
custom_lu,diagonally_dominant,64,8,0,0.465891,0.121704,0.12844,0.594331,0.016055,0.404318,3.68916e-16,2.39338e-16,1.33231e-15,4.19841e-16,success
custom_lu,diagonally_dominant,64,16,0,0.465681,0.243075,0.256539,0.72222,0.0160337,0.423465,3.75245e-16,2.52834e-16,1.33231e-15,4.34501e-16,success
custom_lu,diagonally_dominant,64,1,1,0.465844,0.0151413,0.0159887,0.481833,0.0159887,0.379706,2.57799e-16,2.57799e-16,7.79571e-16,4.21817e-16,success
custom_lu,diagonally_dominant,64,2,1,0.465805,0.0303017,0.0319787,0.497784,0.0159894,0.383995,2.57799e-16,2.08115e-16,7.79571e-16,3.94362e-16,success
custom_lu,diagonally_dominant,64,4,1,0.46565,0.0606313,0.0639913,0.529641,0.0159978,0.391833,2.57799e-16,2.064e-16,7.7852e-16,3.93872e-16,success
custom_lu,diagonally_dominant,64,8,1,0.465767,0.121211,0.127892,0.593658,0.0159865,0.404776,2.57799e-16,2.00834e-16,7.7852e-16,3.8168e-16,success
custom_lu,diagonally_dominant,64,16,1,0.46569,0.242634,0.255993,0.721683,0.0159996,0.42378,2.57799e-16,1.99033e-16,8.89521e-16,3.84918e-16,success
custom_lu,diagonally_dominant,64,1,2,0.46602,0.0151433,0.0159925,0.482012,0.0159925,0.379564,1.98263e-16,1.98263e-16,5.55183e-16,3.2617e-16,success
custom_lu,diagonally_dominant,64,2,2,0.465497,0.0303671,0.0320504,0.497548,0.0160252,0.384178,2.54945e-16,2.26604e-16,7.77256e-16,3.81536e-16,success
custom_lu,diagonally_dominant,64,4,2,0.465924,0.0607956,0.0641462,0.53007,0.0160366,0.391515,2.54945e-16,2.25775e-16,9.99329e-16,4.08441e-16,success
custom_lu,diagonally_dominant,64,8,2,0.465738,0.121418,0.128096,0.593835,0.016012,0.404656,2.64371e-16,2.25605e-16,9.99329e-16,4.25822e-16,success
custom_lu,diagonally_dominant,64,16,2,0.465433,0.243123,0.256586,0.722019,0.0160366,0.423583,2.64371e-16,2.32082e-16,9.99329e-16,4.32453e-16,success
custom_lu,diagonally_dominant,64,1,3,0.465271,0.015155,0.0159979,0.481269,0.0159979,0.380151,1.6846e-16,1.6846e-16,7.90224e-16,4.02053e-16,success
custom_lu,diagonally_dominant,64,2,3,0.465233,0.0303337,0.0320096,0.497243,0.0160048,0.384413,1.97904e-16,1.83182e-16,7.8057e-16,3.66552e-16,success
custom_lu,diagonally_dominant,64,4,3,0.467919,0.0619465,0.0652992,0.533218,0.0163248,0.389204,2.56537e-16,1.95679e-16,8.90658e-16,3.63794e-16,success
custom_lu,diagonally_dominant,64,8,3,0.465975,0.121278,0.127961,0.593936,0.0159952,0.404587,2.56537e-16,1.9873e-16,8.90511e-16,3.60458e-16,success
custom_lu,diagonally_dominant,64,16,3,0.465529,0.242628,0.255999,0.721528,0.0159999,0.423871,4.6565e-16,2.36054e-16,1.22445e-15,3.92234e-16,success
custom_lu,diagonally_dominant,64,1,4,0.465866,0.0151434,0.0159933,0.48186,0.0159933,0.379685,2.31368e-16,2.31368e-16,6.79398e-16,4.5202e-16,success
custom_lu,diagonally_dominant,64,2,4,0.465575,0.0302963,0.0319726,0.497547,0.0159863,0.384178,2.74603e-16,2.52986e-16,6.79398e-16,3.94628e-16,success
custom_lu,diagonally_dominant,64,4,4,0.465483,0.0606637,0.0640237,0.529507,0.0160059,0.391932,2.74603e-16,2.49728e-16,9.00925e-16,3.97782e-16,success
custom_lu,diagonally_dominant,64,8,4,0.465691,0.121529,0.128217,0.593908,0.0160271,0.404606,3.25808e-16,2.50036e-16,1.11101e-15,4.23537e-16,success
custom_lu,diagonally_dominant,64,16,4,0.465279,0.242683,0.256043,0.721322,0.0160027,0.423992,3.97622e-16,2.53614e-16,1.33321e-15,4.15708e-16,success
custom_lu,random_dense,128,1,0,3.71334,0.0587162,0.0601817,3.77352,0.0601817,0.379187,3.15306e-16,3.15306e-16,3.94716e-14,2.74327e-14,success
custom_lu,random_dense,128,2,0,3.7112,0.117487,0.120386,3.83159,0.0601929,0.381992,3.15306e-16,2.75217e-16,3.93174e-14,1.96586e-14,success
custom_lu,random_dense,128,4,0,3.71311,0.234748,0.240483,3.95359,0.0601207,0.386781,3.15306e-16,2.86911e-16,3.93174e-14,1.58667e-14,success
custom_lu,random_dense,128,8,0,3.70901,0.472042,0.483434,4.19244,0.0604293,0.396009,4.37849e-16,2.92304e-16,3.93174e-14,1.48715e-14,success
custom_lu,random_dense,128,16,0,3.7116,0.940929,0.964029,4.67563,0.0602518,0.411151,4.37849e-16,2.89452e-16,4.84503e-14,1.69155e-14,success
custom_lu,random_dense,128,1,1,3.71615,0.058788,0.0602504,3.77641,0.0602504,0.378897,2.2729e-16,2.2729e-16,7.16999e-14,5.07974e-14,success
custom_lu,random_dense,128,2,1,3.71446,0.117761,0.120665,3.83512,0.0603323,0.38164,2.76441e-16,2.51865e-16,1.40507e-13,7.66567e-14,success
custom_lu,random_dense,128,4,1,3.71172,0.235521,0.241312,3.95303,0.0603279,0.386835,2.98695e-16,2.65681e-16,1.82971e-13,8.59675e-14,success
custom_lu,random_dense,128,8,1,3.71343,0.470347,0.481818,4.19525,0.0602273,0.395744,4.1497e-16,3.07284e-16,2.97745e-13,1.03775e-13,success
custom_lu,random_dense,128,16,1,3.70895,0.940707,0.963476,4.67243,0.0602172,0.411433,4.1497e-16,2.93944e-16,2.97407e-13,8.96142e-14,success
custom_lu,random_dense,128,1,2,3.70959,0.0587362,0.0601992,3.76979,0.0601992,0.379562,1.57563e-16,1.57563e-16,1.97605e-14,1.19049e-14,success
custom_lu,random_dense,128,2,2,3.70987,0.117534,0.120409,3.83028,0.0602046,0.382123,2.86832e-16,2.22198e-16,2.34551e-14,1.38359e-14,success
custom_lu,random_dense,128,4,2,3.70956,0.235453,0.241171,3.95073,0.0602927,0.387061,2.86832e-16,2.10942e-16,2.33796e-14,1.23491e-14,success
custom_lu,random_dense,128,8,2,3.71306,0.47002,0.481443,4.1945,0.0601803,0.395815,3.76716e-16,2.64389e-16,3.46509e-14,1.38095e-14,success
custom_lu,random_dense,128,16,2,3.72059,0.941333,0.964129,4.68472,0.0602581,0.410353,3.76716e-16,2.74698e-16,3.67719e-14,1.52011e-14,success
custom_lu,random_dense,128,1,3,3.7125,0.0588078,0.0602687,3.77276,0.0602687,0.379263,2.83444e-16,2.83444e-16,8.00209e-14,4.20123e-14,success
custom_lu,random_dense,128,2,3,3.70916,0.117637,0.120521,3.82968,0.0602606,0.382182,2.83444e-16,2.68297e-16,9.30521e-14,5.65031e-14,success
custom_lu,random_dense,128,4,3,3.7097,0.235144,0.240964,3.95067,0.0602409,0.387067,2.83463e-16,2.6283e-16,9.25645e-14,4.87406e-14,success
custom_lu,random_dense,128,8,3,3.71192,0.470198,0.481596,4.19351,0.0601995,0.395908,3.01946e-16,2.49097e-16,9.25645e-14,4.21537e-14,success
custom_lu,random_dense,128,16,3,3.71287,0.942701,0.965598,4.67847,0.0603498,0.410901,5.76739e-16,2.73934e-16,1.23919e-13,4.19111e-14,success
custom_lu,random_dense,128,1,4,3.71007,0.0589445,0.0604087,3.77048,0.0604087,0.379493,2.63398e-16,2.63398e-16,2.34066e-14,1.29662e-14,success
custom_lu,random_dense,128,2,4,3.71382,0.118585,0.12149,3.83531,0.060745,0.381622,2.63398e-16,2.40604e-16,2.33921e-14,1.24541e-14,success
custom_lu,random_dense,128,4,4,3.71806,0.234973,0.240773,3.95884,0.0601933,0.386268,2.87801e-16,2.48831e-16,3.75642e-14,1.60685e-14,success
custom_lu,random_dense,128,8,4,3.71485,0.470897,0.482322,4.19717,0.0602903,0.395563,4.32013e-16,2.83411e-16,1.17142e-13,3.43043e-14,success
custom_lu,random_dense,128,16,4,3.71106,0.940733,0.963434,4.6745,0.0602146,0.41125,4.32013e-16,2.72522e-16,1.17142e-13,3.1293e-14,success
custom_lu,diagonally_dominant,128,1,0,3.60839,0.058728,0.0601929,3.66859,0.0601929,0.390033,3.34214e-16,3.34214e-16,1.22693e-15,5.64934e-16,success
custom_lu,diagonally_dominant,128,2,0,3.60601,0.11784,0.120715,3.72673,0.0603573,0.39274,3.34214e-16,3.16833e-16,1.22143e-15,5.7067e-16,success
custom_lu,diagonally_dominant,128,4,0,3.61063,0.235198,0.240915,3.85154,0.0602288,0.397029,4.61279e-16,3.50953e-16,1.33247e-15,5.6509e-16,success
custom_lu,diagonally_dominant,128,8,0,3.60536,0.470717,0.482153,4.08752,0.0602692,0.406174,4.61279e-16,3.30959e-16,1.33247e-15,5.75245e-16,success
custom_lu,diagonally_dominant,128,16,0,3.60639,0.939882,0.96267,4.56906,0.0601669,0.420741,4.70146e-16,3.35255e-16,1.44351e-15,5.62755e-16,success
custom_lu,diagonally_dominant,128,1,1,3.61081,0.0587375,0.0602017,3.67101,0.0602017,0.389775,5.9121e-16,5.9121e-16,1.89348e-15,6.27755e-16,success
custom_lu,diagonally_dominant,128,2,1,3.60901,0.117546,0.120592,3.72961,0.0602958,0.392437,5.9121e-16,4.64389e-16,1.89348e-15,6.10763e-16,success
custom_lu,diagonally_dominant,128,4,1,3.61118,0.23576,0.241555,3.85273,0.0603888,0.396906,5.9121e-16,4.15869e-16,1.89348e-15,5.99633e-16,success
custom_lu,diagonally_dominant,128,8,1,3.60681,0.470173,0.481575,4.08839,0.0601969,0.406088,5.9121e-16,4.05754e-16,1.89348e-15,6.17614e-16,success
custom_lu,diagonally_dominant,128,16,1,3.60732,0.940452,0.963303,4.57062,0.0602065,0.420597,5.9121e-16,4.05148e-16,1.89078e-15,6.2163e-16,success
custom_lu,diagonally_dominant,128,1,2,3.60974,0.0589058,0.0603701,3.67011,0.0603701,0.389871,3.86315e-16,3.86315e-16,1.34509e-15,5.78972e-16,success
custom_lu,diagonally_dominant,128,2,2,3.60628,0.117643,0.120548,3.72683,0.060274,0.39273,3.86315e-16,3.48547e-16,1.33239e-15,5.30389e-16,success
custom_lu,diagonally_dominant,128,4,2,3.60888,0.235188,0.240907,3.84979,0.0602269,0.39721,3.86315e-16,3.49244e-16,1.33239e-15,5.32868e-16,success
custom_lu,diagonally_dominant,128,8,2,3.60574,0.470069,0.481455,4.0872,0.0601819,0.406206,3.86315e-16,3.57323e-16,1.33239e-15,5.32492e-16,success
custom_lu,diagonally_dominant,128,16,2,3.60641,0.943596,0.966615,4.57302,0.0604135,0.420376,4.009e-16,3.48263e-16,1.55445e-15,5.29763e-16,success
custom_lu,diagonally_dominant,128,1,3,3.60635,0.0592471,0.060715,3.66707,0.060715,0.390194,5.93682e-16,5.93682e-16,1.89816e-15,5.29314e-16,success
custom_lu,diagonally_dominant,128,2,3,3.60719,0.11747,0.120355,3.72754,0.0601777,0.392655,5.93682e-16,4.66754e-16,1.89816e-15,5.50583e-16,success
custom_lu,diagonally_dominant,128,4,3,3.61044,0.235397,0.24111,3.85155,0.0602774,0.397028,5.93682e-16,4.6333e-16,1.88936e-15,5.48587e-16,success
custom_lu,diagonally_dominant,128,8,3,3.60606,0.470305,0.481718,4.08778,0.0602147,0.406149,5.93682e-16,4.37116e-16,1.8884e-15,5.34823e-16,success
custom_lu,diagonally_dominant,128,16,3,3.60666,0.944268,0.967067,4.57373,0.0604417,0.420311,5.93682e-16,4.02397e-16,1.8884e-15,5.3728e-16,success
custom_lu,diagonally_dominant,128,1,4,3.60696,0.0587379,0.060203,3.66716,0.060203,0.390185,3.49598e-16,3.49598e-16,8.05074e-16,5.47352e-16,success
custom_lu,diagonally_dominant,128,2,4,3.60717,0.117787,0.120667,3.72784,0.0603335,0.392624,3.90602e-16,3.701e-16,1.22396e-15,5.26046e-16,success
custom_lu,diagonally_dominant,128,4,4,3.60943,0.235242,0.240973,3.85041,0.0602431,0.397146,4.37972e-16,3.61887e-16,1.3334e-15,5.31229e-16,success
custom_lu,diagonally_dominant,128,8,4,3.60659,0.469998,0.481377,4.08797,0.0601721,0.40613,4.37972e-16,3.50391e-16,1.3334e-15,5.29828e-16,success
custom_lu,diagonally_dominant,128,16,4,3.60716,0.944183,0.966917,4.57408,0.0604323,0.420279,5.44187e-16,3.59405e-16,1.6659e-15,5.31061e-16,success
custom_lu,random_dense,256,1,0,29.0745,0.233232,0.23594,29.3104,0.23594,0.386071,5.15735e-16,5.15735e-16,1.98077e-13,1.17336e-13,success
custom_lu,random_dense,256,2,0,29.0741,0.466126,0.471503,29.5456,0.235752,0.387434,6.19902e-16,5.67819e-16,2.88911e-13,1.36598e-13,success
custom_lu,random_dense,256,4,0,29.0701,0.931194,0.941935,30.0121,0.235484,0.390147,6.19902e-16,5.0702e-16,4.34201e-13,1.88169e-13,success
custom_lu,random_dense,256,8,0,29.0777,1.86144,1.88272,30.9604,0.23534,0.39513,6.33425e-16,5.02814e-16,7.24113e-13,2.37173e-13,success
custom_lu,random_dense,256,16,0,29.0788,3.7247,3.76726,32.846,0.235454,0.40437,6.33425e-16,5.05956e-16,8.1725e-13,2.49187e-13,success
custom_lu,random_dense,256,1,1,29.1068,0.232545,0.235245,29.3421,0.235245,0.385654,4.12016e-16,4.12016e-16,4.09351e-14,2.30807e-14,success
custom_lu,random_dense,256,2,1,29.0759,0.466036,0.4714,29.5473,0.2357,0.387411,7.59567e-16,5.85792e-16,2.10858e-13,8.53853e-14,success
custom_lu,random_dense,256,4,1,29.8062,0.931638,0.942326,30.7486,0.235582,0.380801,7.59567e-16,5.30902e-16,2.69196e-13,1.07159e-13,success
custom_lu,random_dense,256,8,1,29.1498,1.8673,1.88874,31.0386,0.236092,0.394135,7.59567e-16,5.12025e-16,5.84208e-13,1.52406e-13,success
custom_lu,random_dense,256,16,1,29.0746,3.72611,3.76884,32.8434,0.235553,0.404403,9.25082e-16,5.14617e-16,5.84208e-13,1.38311e-13,success
custom_lu,random_dense,256,1,2,29.144,0.232877,0.235589,29.3796,0.235589,0.385161,6.4093e-16,6.4093e-16,4.54172e-13,3.24255e-13,success
custom_lu,random_dense,256,2,2,29.0792,0.46552,0.470885,29.5501,0.235442,0.387374,6.4093e-16,6.11082e-16,4.54172e-13,2.2915e-13,success
custom_lu,random_dense,256,4,2,29.0968,0.930802,0.94151,30.0383,0.235378,0.389806,6.4093e-16,5.7048e-16,4.54172e-13,1.73576e-13,success
custom_lu,random_dense,256,8,2,29.0822,1.86232,1.88362,30.9658,0.235453,0.395061,6.4093e-16,5.20131e-16,7.14846e-13,2.38793e-13,success
custom_lu,random_dense,256,16,2,29.081,3.72608,3.76892,32.85,0.235557,0.404322,7.05479e-16,5.20894e-16,9.76665e-13,2.96343e-13,success
custom_lu,random_dense,256,1,3,29.0844,0.232655,0.235361,29.3198,0.235361,0.385947,7.08171e-16,7.08171e-16,4.29666e-13,2.23646e-13,success
custom_lu,random_dense,256,2,3,29.0831,0.465096,0.470475,29.5536,0.235237,0.387329,7.08171e-16,5.82706e-16,4.29666e-13,2.29106e-13,success
custom_lu,random_dense,256,4,3,29.0746,0.931551,0.942271,30.0168,0.235568,0.390085,7.08171e-16,5.37767e-16,4.29666e-13,1.71434e-13,success
custom_lu,random_dense,256,8,3,29.0837,1.86257,1.88389,30.9676,0.235486,0.395038,7.58545e-16,5.67472e-16,4.29666e-13,1.32529e-13,success
custom_lu,random_dense,256,16,3,29.0829,3.72563,3.76828,32.8511,0.235517,0.404307,8.4403e-16,5.34893e-16,7.5126e-13,1.68033e-13,success
custom_lu,random_dense,256,1,4,29.0724,0.232973,0.235681,29.3081,0.235681,0.386101,4.81984e-16,4.81984e-16,4.68844e-14,2.41165e-14,success
custom_lu,random_dense,256,2,4,29.1065,0.465938,0.47131,29.5778,0.235655,0.387012,8.67335e-16,6.74659e-16,7.63959e-14,3.27473e-14,success
custom_lu,random_dense,256,4,4,29.218,0.931043,0.941742,30.1597,0.235436,0.388236,8.67335e-16,6.13476e-16,7.63959e-14,3.35702e-14,success
custom_lu,random_dense,256,8,4,29.0809,1.86275,1.88406,30.9649,0.235508,0.395072,9.2833e-16,6.01436e-16,7.90553e-14,3.34301e-14,success
custom_lu,random_dense,256,16,4,29.1067,3.72434,3.76694,32.8736,0.235434,0.404031,9.2833e-16,5.5007e-16,7.90242e-14,3.16781e-14,success
custom_lu,diagonally_dominant,256,1,0,28.6636,0.232468,0.235168,28.8988,0.235168,0.391569,5.29952e-16,5.29952e-16,2.13846e-15,7.98492e-16,success
custom_lu,diagonally_dominant,256,2,0,28.6571,0.465601,0.470975,29.128,0.235487,0.392987,6.55417e-16,5.92685e-16,2.11492e-15,7.93019e-16,success
custom_lu,diagonally_dominant,256,4,0,28.7082,0.931378,0.942063,29.6503,0.235516,0.394907,6.55417e-16,5.96362e-16,2.11066e-15,8.19378e-16,success
custom_lu,diagonally_dominant,256,8,0,28.6863,1.86021,1.88156,30.5679,0.235194,0.400204,6.7337e-16,5.69598e-16,2.11035e-15,8.0883e-16,success
custom_lu,diagonally_dominant,256,16,0,28.6587,3.72679,3.7694,32.4281,0.235588,0.409582,9.66356e-16,5.85824e-16,2.99892e-15,8.03188e-16,success
custom_lu,diagonally_dominant,256,1,1,28.7138,0.232401,0.235111,28.9489,0.235111,0.390891,4.78571e-16,4.78571e-16,1.44682e-15,7.79368e-16,success
custom_lu,diagonally_dominant,256,2,1,28.6565,0.465554,0.470913,29.1274,0.235457,0.392996,5.52458e-16,5.15514e-16,1.7807e-15,7.86648e-16,success
custom_lu,diagonally_dominant,256,4,1,29.1782,0.930219,0.94111,30.1193,0.235278,0.388758,6.76112e-16,5.80621e-16,2.00301e-15,7.88448e-16,success
custom_lu,diagonally_dominant,256,8,1,28.6582,1.86101,1.88239,30.5406,0.235299,0.400561,6.76112e-16,6.00264e-16,2.22154e-15,8.03689e-16,success
custom_lu,diagonally_dominant,256,16,1,28.672,3.72633,3.76885,32.4409,0.235553,0.40942,7.17873e-16,5.91112e-16,2.33174e-15,7.88242e-16,success
custom_lu,diagonally_dominant,256,1,2,28.6832,0.232367,0.235078,28.9183,0.235078,0.391305,4.14066e-16,4.14066e-16,1.4445e-15,7.00471e-16,success
custom_lu,diagonally_dominant,256,2,2,28.6663,0.465301,0.470651,29.137,0.235326,0.392867,5.50866e-16,4.82466e-16,1.77784e-15,7.45362e-16,success
custom_lu,diagonally_dominant,256,4,2,28.6529,0.93167,0.942365,29.5953,0.235591,0.395641,9.6165e-16,6.63267e-16,2.99947e-15,7.60365e-16,success
custom_lu,diagonally_dominant,256,8,2,28.6581,1.86245,1.88376,30.5418,0.23547,0.400545,9.6165e-16,6.10914e-16,2.99947e-15,7.53894e-16,success
custom_lu,diagonally_dominant,256,16,2,28.6566,3.71468,3.75722,32.4138,0.234826,0.409762,9.6165e-16,6.33503e-16,3.55492e-15,7.58229e-16,success
custom_lu,diagonally_dominant,256,1,3,29.0352,0.235247,0.237994,29.2731,0.237994,0.386562,5.21471e-16,5.21471e-16,1.88938e-15,7.66192e-16,success
custom_lu,diagonally_dominant,256,2,3,30.8957,0.487194,0.493041,31.3887,0.246521,0.364684,5.47376e-16,5.34424e-16,1.88938e-15,7.36277e-16,success
custom_lu,diagonally_dominant,256,4,3,30.6433,0.931505,0.942219,31.5855,0.235555,0.370711,5.51098e-16,5.09692e-16,1.88938e-15,7.2571e-16,success
custom_lu,diagonally_dominant,256,8,3,28.9233,1.86705,1.88841,30.8117,0.236051,0.397037,5.51098e-16,4.94933e-16,1.88905e-15,7.2334e-16,success
custom_lu,diagonally_dominant,256,16,3,28.8617,3.75422,3.79896,32.6606,0.237435,0.406666,8.96963e-16,5.75339e-16,3.00026e-15,7.34666e-16,success
custom_lu,diagonally_dominant,256,1,4,29.0036,0.23613,0.238905,29.2425,0.238905,0.386967,4.48554e-16,4.48554e-16,1.66916e-15,7.75505e-16,success
custom_lu,diagonally_dominant,256,2,4,28.9883,0.473129,0.478625,29.4669,0.239313,0.388468,5.86216e-16,5.17385e-16,2.00299e-15,7.64876e-16,success
custom_lu,diagonally_dominant,256,4,4,29.0712,0.942264,0.95309,30.0243,0.238273,0.389987,5.86216e-16,4.88623e-16,2.00208e-15,7.57017e-16,success
custom_lu,diagonally_dominant,256,8,4,29.2722,2.27357,2.30934,31.5815,0.288668,0.387359,6.71575e-16,5.41217e-16,2.0009e-15,7.47139e-16,success
custom_lu,diagonally_dominant,256,16,4,29.0535,3.72389,3.76642,32.8199,0.235401,0.404693,6.71575e-16,5.34272e-16,1.99936e-15,7.44475e-16,success
eigen_partial_piv_lu,random_dense,8,1,0,0.023298,0.00330791,0.00330791,0.0266059,0.00330791,0.0176402,9.99116e-17,9.99116e-17,5.40107e-16,5.56557e-16,success
eigen_partial_piv_lu,random_dense,8,2,0,0.02321,0.00369997,0.00369997,0.0269099,0.00184998,0.0221975,9.99116e-17,7.47555e-17,1.01504e-15,7.97745e-16,success
eigen_partial_piv_lu,random_dense,8,4,0,0.0242796,0.00501086,0.00501086,0.0292904,0.00125272,0.0291335,9.99116e-17,6.75709e-17,1.07143e-15,9.50853e-16,success
eigen_partial_piv_lu,random_dense,8,8,0,0.0233384,0.00710667,0.00710667,0.030445,0.000888334,0.0448458,1.03138e-16,6.79833e-17,1.12782e-15,9.14889e-16,success
eigen_partial_piv_lu,random_dense,8,16,0,0.022383,0.0108146,0.0108146,0.0331975,0.00067591,0.0719732,1.14879e-16,6.34126e-17,1.56645e-15,8.2446e-16,success
eigen_partial_piv_lu,random_dense,8,1,1,0.0224517,0.00307377,0.00307377,0.0255254,0.00307377,0.0183869,1.01514e-16,1.01514e-16,2.04969e-13,1.45096e-13,success
eigen_partial_piv_lu,random_dense,8,2,1,0.0223392,0.0035887,0.0035887,0.0259279,0.00179435,0.0230383,1.01514e-16,7.80203e-17,2.04969e-13,1.10098e-13,success
eigen_partial_piv_lu,random_dense,8,4,1,0.0223397,0.00477542,0.00477542,0.0271151,0.00119385,0.0314708,1.01514e-16,5.5917e-17,2.04969e-13,8.93717e-14,success
eigen_partial_piv_lu,random_dense,8,8,1,0.0231233,0.00695544,0.00695544,0.0300787,0.00086943,0.045392,1.03121e-16,5.48789e-17,2.04969e-13,6.17637e-14,success
eigen_partial_piv_lu,random_dense,8,16,1,0.0225633,0.0107487,0.0107487,0.033312,0.000671791,0.071726,1.03121e-16,5.91708e-17,2.04969e-13,4.68931e-14,success
eigen_partial_piv_lu,random_dense,8,1,2,0.0217808,0.00303376,0.00303376,0.0248146,0.00303376,0.0189136,6.49536e-17,6.49536e-17,8.19475e-16,7.0104e-16,success
eigen_partial_piv_lu,random_dense,8,2,2,0.0217188,0.00360213,0.00360213,0.0253209,0.00180106,0.0235905,8.4138e-17,7.45458e-17,7.14886e-16,6.64344e-16,success
eigen_partial_piv_lu,random_dense,8,4,2,0.0217779,0.00466168,0.00466168,0.0264396,0.00116542,0.0322748,8.4138e-17,6.18904e-17,7.25723e-16,6.04347e-16,success
eigen_partial_piv_lu,random_dense,8,8,2,0.0219154,0.00695332,0.00695332,0.0288687,0.000869165,0.0472945,9.92339e-17,6.35487e-17,1.84947e-15,7.55965e-16,success
eigen_partial_piv_lu,random_dense,8,16,2,0.0217696,0.0107721,0.0107721,0.0325417,0.000673256,0.0734237,9.92339e-17,5.78237e-17,1.78029e-15,6.81536e-16,success
eigen_partial_piv_lu,random_dense,8,1,3,0.021772,0.00303459,0.00303459,0.0248066,0.00303459,0.0189197,7.25119e-17,7.25119e-17,6.03833e-16,5.88806e-16,success
eigen_partial_piv_lu,random_dense,8,2,3,0.0217654,0.00358341,0.00358341,0.0253488,0.0017917,0.0235645,7.25119e-17,5.55179e-17,5.39532e-16,5.015e-16,success
eigen_partial_piv_lu,random_dense,8,4,3,0.0217762,0.004645,0.004645,0.0264212,0.00116125,0.0322973,7.25119e-17,4.58069e-17,5.39532e-16,4.41931e-16,success
eigen_partial_piv_lu,random_dense,8,8,3,0.0217886,0.00697875,0.00697875,0.0287674,0.000872344,0.0474611,7.25119e-17,4.6154e-17,1.11637e-15,6.22695e-16,success
eigen_partial_piv_lu,random_dense,8,16,3,0.0218613,0.0109662,0.0109662,0.0328274,0.000685386,0.0727847,7.2557e-17,4.70967e-17,1.05673e-15,6.00678e-16,success
eigen_partial_piv_lu,random_dense,8,1,4,0.0227934,0.00314252,0.00314252,0.0259359,0.00314252,0.0180959,9.98502e-17,9.98502e-17,5.84011e-16,4.19959e-16,success
eigen_partial_piv_lu,random_dense,8,2,4,0.0230996,0.00358421,0.00358421,0.0266838,0.0017921,0.0223856,9.98502e-17,8.5404e-17,5.84011e-16,4.50466e-16,success
eigen_partial_piv_lu,random_dense,8,4,4,0.0227483,0.00466162,0.00466162,0.0274099,0.0011654,0.0311323,9.98502e-17,7.10337e-17,5.78945e-16,4.1352e-16,success
eigen_partial_piv_lu,random_dense,8,8,4,0.0230425,0.00692584,0.00692584,0.0299684,0.00086573,0.0455592,9.98502e-17,6.24899e-17,7.87496e-16,4.5282e-16,success
eigen_partial_piv_lu,random_dense,8,16,4,0.023193,0.0107467,0.0107467,0.0339396,0.000671666,0.0703996,1.42481e-16,5.69268e-17,1.34999e-15,6.39927e-16,success
eigen_partial_piv_lu,diagonally_dominant,8,1,0,0.0208646,0.00301834,0.00301834,0.0238829,0.00301834,0.0196514,6.73349e-17,6.73349e-17,5.33637e-16,2.91995e-16,success
eigen_partial_piv_lu,diagonally_dominant,8,2,0,0.0205233,0.00368337,0.00368337,0.0242066,0.00184168,0.0246764,7.3968e-17,7.06515e-17,5.33637e-16,2.76242e-16,success
eigen_partial_piv_lu,diagonally_dominant,8,4,0,0.0205124,0.00473123,0.00473123,0.0252437,0.00118281,0.0338039,7.3968e-17,6.14908e-17,4.46354e-16,2.10006e-16,success
eigen_partial_piv_lu,diagonally_dominant,8,8,0,0.02043,0.00691417,0.00691417,0.0273441,0.000864271,0.0499315,7.3968e-17,5.46213e-17,4.46354e-16,2.01212e-16,success
eigen_partial_piv_lu,diagonally_dominant,8,16,0,0.020347,0.0107287,0.0107287,0.0310758,0.000670546,0.0768873,1.27973e-16,6.46251e-17,4.46354e-16,2.02313e-16,success
eigen_partial_piv_lu,diagonally_dominant,8,1,1,0.0202899,0.00301416,0.00301416,0.0233041,0.00301416,0.0201395,3.55565e-17,3.55565e-17,1.18042e-16,1.50366e-16,success
eigen_partial_piv_lu,diagonally_dominant,8,2,1,0.0203375,0.00357958,0.00357958,0.0239171,0.00178979,0.0249752,6.2377e-17,4.89668e-17,1.15088e-16,1.39369e-16,success
eigen_partial_piv_lu,diagonally_dominant,8,4,1,0.0203,0.00466667,0.00466667,0.0249666,0.00116667,0.0341789,1.32841e-16,8.22696e-17,3.45265e-16,1.83438e-16,success
eigen_partial_piv_lu,diagonally_dominant,8,8,1,0.02034,0.00687956,0.00687956,0.0272195,0.000859945,0.0501601,1.32841e-16,6.87804e-17,3.45265e-16,1.91662e-16,success
eigen_partial_piv_lu,diagonally_dominant,8,16,1,0.0203017,0.0107463,0.0107463,0.031048,0.000671643,0.0769561,1.32841e-16,6.99171e-17,3.38485e-16,1.81672e-16,success
eigen_partial_piv_lu,diagonally_dominant,8,1,2,0.0203576,0.00302208,0.00302208,0.0233796,0.00302208,0.0200744,7.65865e-17,7.65865e-17,1.29168e-16,1.617e-16,success
eigen_partial_piv_lu,diagonally_dominant,8,2,2,0.0203678,0.00358879,0.00358879,0.0239566,0.00179439,0.0249339,7.65865e-17,5.86634e-17,1.93752e-16,1.72608e-16,success
eigen_partial_piv_lu,diagonally_dominant,8,4,2,0.0203992,0.00472706,0.00472706,0.0251263,0.00118176,0.0339618,7.65865e-17,5.56118e-17,2.29583e-16,1.73098e-16,success
eigen_partial_piv_lu,diagonally_dominant,8,8,2,0.0204142,0.00689703,0.00689703,0.0273112,0.000862129,0.0499917,8.13968e-17,6.09721e-17,3.44375e-16,1.86643e-16,success
eigen_partial_piv_lu,diagonally_dominant,8,16,2,0.0203654,0.0107662,0.0107662,0.0311316,0.000672889,0.0767495,1.33555e-16,6.57601e-17,4.53973e-16,2.14444e-16,success
eigen_partial_piv_lu,diagonally_dominant,8,1,3,0.0203591,0.00301919,0.00301919,0.0233783,0.00301919,0.0200756,5.70471e-17,5.70471e-17,1.25326e-16,8.28814e-17,success
eigen_partial_piv_lu,diagonally_dominant,8,2,3,0.0205671,0.00357754,0.00357754,0.0241447,0.00178877,0.0247398,5.70471e-17,4.84846e-17,1.25326e-16,1.09991e-16,success
eigen_partial_piv_lu,diagonally_dominant,8,4,3,0.0203079,0.00467959,0.00467959,0.0249875,0.0011699,0.0341504,8.27314e-17,5.41422e-17,1.87989e-16,1.26833e-16,success
eigen_partial_piv_lu,diagonally_dominant,8,8,3,0.0204055,0.00694335,0.00694335,0.0273488,0.000867919,0.049923,1.34268e-16,6.84077e-17,2.50652e-16,1.43843e-16,success
eigen_partial_piv_lu,diagonally_dominant,8,16,3,0.0203234,0.0107867,0.0107867,0.0311101,0.000674169,0.0768024,1.34268e-16,6.72858e-17,3.33709e-16,1.82817e-16,success
eigen_partial_piv_lu,diagonally_dominant,8,1,4,0.0203595,0.00302673,0.00302673,0.0233862,0.00302673,0.0200688,6.19672e-17,6.19672e-17,1.72248e-16,1.42567e-16,success
eigen_partial_piv_lu,diagonally_dominant,8,2,4,0.0204471,0.00365293,0.00365293,0.0241,0.00182646,0.0247856,6.19672e-17,4.5149e-17,1.68491e-16,1.38564e-16,success
eigen_partial_piv_lu,diagonally_dominant,8,4,4,0.02048,0.0046562,0.0046562,0.0251362,0.00116405,0.0339484,1.28724e-16,7.96612e-17,4.49309e-16,2.23344e-16,success
eigen_partial_piv_lu,diagonally_dominant,8,8,4,0.0205484,0.00691502,0.00691502,0.0274634,0.000864377,0.0497146,1.28724e-16,7.63638e-17,4.49309e-16,2.14072e-16,success
eigen_partial_piv_lu,diagonally_dominant,8,16,4,0.02039,0.0107492,0.0107492,0.0311392,0.000671825,0.0767307,1.28724e-16,6.59539e-17,4.46403e-16,1.98467e-16,success
eigen_partial_piv_lu,random_dense,16,1,0,0.0793917,0.00699332,0.00699332,0.086385,0.00699332,0.0375374,1.03005e-16,1.03005e-16,8.9167e-16,7.93144e-16,success
eigen_partial_piv_lu,random_dense,16,2,0,0.07952,0.00894495,0.00894495,0.0884649,0.00447247,0.0424424,1.03005e-16,7.83231e-17,1.56042e-15,1.08377e-15,success
eigen_partial_piv_lu,random_dense,16,4,0,0.0791521,0.0120975,0.0120975,0.0912496,0.00302437,0.0523692,1.15309e-16,8.68811e-17,1.56042e-15,9.31067e-16,success
eigen_partial_piv_lu,random_dense,16,8,0,0.0793917,0.0185458,0.0185458,0.0979375,0.00231823,0.0697043,1.15309e-16,8.13084e-17,2.67443e-15,1.20613e-15,success
eigen_partial_piv_lu,random_dense,16,16,0,0.0794579,0.03057,0.03057,0.110028,0.00191063,0.0992718,1.75211e-16,7.84453e-17,2.66509e-15,1.20372e-15,success
eigen_partial_piv_lu,random_dense,16,1,1,0.0783904,0.00689163,0.00689163,0.0852821,0.00689163,0.0380228,6.18031e-17,6.18031e-17,1.52781e-15,1.38724e-15,success
eigen_partial_piv_lu,random_dense,16,2,1,0.0782941,0.00894205,0.00894205,0.0872362,0.00447102,0.0430402,6.73738e-17,6.45884e-17,1.69757e-15,1.56882e-15,success
eigen_partial_piv_lu,random_dense,16,4,1,0.0782133,0.0118967,0.0118967,0.09011,0.00297418,0.0530315,1.5143e-16,8.59418e-17,2.7161e-15,1.70074e-15,success
eigen_partial_piv_lu,random_dense,16,8,1,0.0784045,0.0183787,0.0183787,0.0967833,0.00229734,0.0705356,1.26192e-16,7.14263e-17,2.78889e-15,1.5112e-15,success
eigen_partial_piv_lu,random_dense,16,16,1,0.0782575,0.0306138,0.0306138,0.108871,0.00191336,0.100326,1.26192e-16,7.46233e-17,3.12356e-15,1.64097e-15,success
eigen_partial_piv_lu,random_dense,16,1,2,0.07845,0.00692255,0.00692255,0.0853725,0.00692255,0.0379826,7.60202e-17,7.60202e-17,6.76352e-16,7.22077e-16,success
eigen_partial_piv_lu,random_dense,16,2,2,0.0783625,0.00892328,0.00892328,0.0872858,0.00446164,0.0430158,7.60202e-17,7.13137e-17,8.05644e-16,6.37533e-16,success
eigen_partial_piv_lu,random_dense,16,4,2,0.0782879,0.0118916,0.0118916,0.0901796,0.00297291,0.0529906,6.79163e-17,5.6805e-17,1.72638e-15,1.05912e-15,success
eigen_partial_piv_lu,random_dense,16,8,2,0.0781812,0.018395,0.018395,0.0965762,0.00229938,0.0706868,1.35833e-16,7.88534e-17,2.11714e-15,1.32857e-15,success
eigen_partial_piv_lu,random_dense,16,16,2,0.0784808,0.03055,0.03055,0.109031,0.00190937,0.10018,1.35833e-16,7.82902e-17,2.11638e-15,1.14747e-15,success
eigen_partial_piv_lu,random_dense,16,1,3,0.079478,0.00689125,0.00689125,0.0863692,0.00689125,0.0375442,8.75238e-17,8.75238e-17,3.39875e-15,3.91341e-15,success
eigen_partial_piv_lu,random_dense,16,2,3,0.0793438,0.00895095,0.00895095,0.0882947,0.00447547,0.0425242,1.33668e-16,1.10596e-16,3.39875e-15,2.6347e-15,success
eigen_partial_piv_lu,random_dense,16,4,3,0.0799104,0.0119379,0.0119379,0.0918483,0.00298448,0.0520278,8.75238e-17,7.07538e-17,3.39875e-15,2.34005e-15,success
eigen_partial_piv_lu,random_dense,16,8,3,0.0794033,0.0183079,0.0183079,0.0977112,0.00228848,0.0698657,1.33668e-16,8.06792e-17,4.49118e-15,3.02626e-15,success
eigen_partial_piv_lu,random_dense,16,16,3,0.0792454,0.0305417,0.0305417,0.109787,0.00190885,0.0994896,1.33668e-16,7.67546e-17,9.50082e-15,3.59601e-15,success
eigen_partial_piv_lu,random_dense,16,1,4,0.0783267,0.00693365,0.00693365,0.0852603,0.00693365,0.0380325,6.6296e-17,6.6296e-17,8.06877e-16,8.76212e-16,success
eigen_partial_piv_lu,random_dense,16,2,4,0.0778708,0.00891539,0.00891539,0.0867862,0.00445769,0.0432634,8.8367e-17,7.73315e-17,1.61375e-15,1.13167e-15,success
eigen_partial_piv_lu,random_dense,16,4,4,0.0782796,0.0120166,0.0120166,0.0902962,0.00300416,0.0529221,8.39059e-17,6.51827e-17,1.58577e-15,1.1969e-15,success
eigen_partial_piv_lu,random_dense,16,8,4,0.0781729,0.0183642,0.0183642,0.0965371,0.00229552,0.0707155,1.09217e-16,8.106e-17,2.03166e-15,1.2054e-15,success
eigen_partial_piv_lu,random_dense,16,16,4,0.0783574,0.0306121,0.0306121,0.108969,0.00191325,0.100236,1.20271e-16,7.89352e-17,2.02567e-15,1.09337e-15,success
eigen_partial_piv_lu,diagonally_dominant,16,1,0,0.0730253,0.00688842,0.00688842,0.0799138,0.00688842,0.0405771,8.81756e-17,8.81756e-17,3.39863e-16,1.97936e-16,success
eigen_partial_piv_lu,diagonally_dominant,16,2,0,0.0732084,0.00898289,0.00898289,0.0821913,0.00449145,0.0456821,1.71953e-16,1.30064e-16,5.66438e-16,2.57741e-16,success
eigen_partial_piv_lu,diagonally_dominant,16,4,0,0.0727538,0.0119812,0.0119812,0.084735,0.00299531,0.0563954,1.71953e-16,1.02839e-16,5.66438e-16,2.53681e-16,success
eigen_partial_piv_lu,diagonally_dominant,16,8,0,0.0729396,0.0185687,0.0185687,0.0915083,0.00232109,0.0746016,1.71953e-16,1.00956e-16,5.57687e-16,2.38022e-16,success
eigen_partial_piv_lu,diagonally_dominant,16,16,0,0.0730513,0.0307554,0.0307554,0.103807,0.00192221,0.105221,1.71953e-16,9.67309e-17,5.5726e-16,2.34479e-16,success
eigen_partial_piv_lu,diagonally_dominant,16,1,1,0.0728908,0.00691506,0.00691506,0.0798059,0.00691506,0.0406319,6.4499e-17,6.4499e-17,3.73643e-16,2.86008e-16,success
eigen_partial_piv_lu,diagonally_dominant,16,2,1,0.072887,0.00893339,0.00893339,0.0818204,0.00446669,0.0458891,1.20739e-16,9.26188e-17,5.6959e-16,3.25492e-16,success
eigen_partial_piv_lu,diagonally_dominant,16,4,1,0.072927,0.0119522,0.0119522,0.0848792,0.00298804,0.0562996,1.20739e-16,9.20001e-17,5.66969e-16,2.86527e-16,success
eigen_partial_piv_lu,diagonally_dominant,16,8,1,0.0730796,0.0182984,0.0182984,0.091378,0.0022873,0.074708,1.82277e-16,1.07528e-16,5.65695e-16,3.16445e-16,success
eigen_partial_piv_lu,diagonally_dominant,16,16,1,0.0729441,0.0305754,0.0305754,0.10352,0.00191097,0.105513,2.06072e-16,1.15551e-16,5.55175e-16,3.13863e-16,success
eigen_partial_piv_lu,diagonally_dominant,16,1,2,0.0732792,0.00691298,0.00691298,0.0801922,0.00691298,0.0404362,1.23284e-16,1.23284e-16,4.54043e-16,3.09836e-16,success
eigen_partial_piv_lu,diagonally_dominant,16,2,2,0.0728071,0.00896458,0.00896458,0.0817717,0.00448229,0.0459165,1.77966e-16,1.50625e-16,5.61732e-16,3.15325e-16,success
eigen_partial_piv_lu,diagonally_dominant,16,4,2,0.0730351,0.0118996,0.0118996,0.0849346,0.00297489,0.0562629,1.77966e-16,1.04111e-16,5.61732e-16,2.68002e-16,success
eigen_partial_piv_lu,diagonally_dominant,16,8,2,0.0732087,0.0184517,0.0184517,0.0916604,0.00230646,0.0744778,1.8084e-16,9.63939e-17,5.61732e-16,2.39341e-16,success
eigen_partial_piv_lu,diagonally_dominant,16,16,2,0.0729517,0.0307192,0.0307192,0.103671,0.00191995,0.105359,1.8084e-16,8.68505e-17,5.59873e-16,2.28606e-16,success
eigen_partial_piv_lu,diagonally_dominant,16,1,3,0.0730442,0.00690796,0.00690796,0.0799522,0.00690796,0.0405576,5.26337e-17,5.26337e-17,1.81555e-16,1.98697e-16,success
eigen_partial_piv_lu,diagonally_dominant,16,2,3,0.0729521,0.00897332,0.00897332,0.0819254,0.00448666,0.0458303,6.53882e-17,5.90109e-17,4.79013e-16,2.37044e-16,success
eigen_partial_piv_lu,diagonally_dominant,16,4,3,0.0728018,0.0119867,0.0119867,0.0847885,0.00299668,0.0563599,1.47851e-16,9.51943e-17,5.5796e-16,2.45726e-16,success
eigen_partial_piv_lu,diagonally_dominant,16,8,3,0.0727438,0.0183483,0.0183483,0.0910921,0.00229354,0.0749425,1.47851e-16,8.83427e-17,5.5796e-16,2.29607e-16,success
eigen_partial_piv_lu,diagonally_dominant,16,16,3,0.072795,0.0315292,0.0315292,0.104324,0.00197057,0.104699,1.47851e-16,9.90155e-17,5.55116e-16,2.45083e-16,success
eigen_partial_piv_lu,diagonally_dominant,16,1,4,0.0732183,0.00691374,0.00691374,0.080132,0.00691374,0.0404666,9.97203e-17,9.97203e-17,2.35171e-16,1.64371e-16,success
eigen_partial_piv_lu,diagonally_dominant,16,2,4,0.0729817,0.00893249,0.00893249,0.0819142,0.00446624,0.0458366,9.97203e-17,6.44252e-17,2.25842e-16,1.37117e-16,success
eigen_partial_piv_lu,diagonally_dominant,16,4,4,0.0731891,0.0121025,0.0121025,0.0852916,0.00302563,0.0560274,1.20759e-16,7.70165e-17,4.48637e-16,1.92864e-16,success
eigen_partial_piv_lu,diagonally_dominant,16,8,4,0.0734883,0.0183496,0.0183496,0.0918379,0.0022937,0.0743339,1.39923e-16,9.01132e-17,4.48637e-16,2.35447e-16,success
eigen_partial_piv_lu,diagonally_dominant,16,16,4,0.0728325,0.0305667,0.0305667,0.103399,0.00191042,0.105636,1.7665e-16,8.82949e-17,6.68843e-16,2.49633e-16,success
eigen_partial_piv_lu,random_dense,32,1,0,0.198332,0.0185079,0.0185079,0.21684,0.0185079,0.110189,1.24707e-16,1.24707e-16,1.4033e-14,8.23561e-15,success
eigen_partial_piv_lu,random_dense,32,2,0,0.198491,0.0258405,0.0258405,0.224332,0.0129202,0.115638,1.24707e-16,1.13543e-16,1.4033e-14,7.02841e-15,success
eigen_partial_piv_lu,random_dense,32,4,0,0.198257,0.0338738,0.0338738,0.232131,0.00846844,0.129398,1.41213e-16,1.0884e-16,1.62086e-14,6.59126e-15,success
eigen_partial_piv_lu,random_dense,32,8,0,0.19885,0.0542042,0.0542042,0.253055,0.00677552,0.151071,1.37853e-16,1.10591e-16,1.90969e-14,6.21265e-15,success
eigen_partial_piv_lu,random_dense,32,16,0,0.199652,0.0948013,0.0948013,0.294453,0.00592508,0.185474,1.37853e-16,9.98103e-17,1.90969e-14,5.87672e-15,success
eigen_partial_piv_lu,random_dense,32,1,1,0.198178,0.0184571,0.0184571,0.216635,0.0184571,0.110293,9.6603e-17,9.6603e-17,2.02788e-14,1.30969e-14,success
eigen_partial_piv_lu,random_dense,32,2,1,0.199155,0.025972,0.025972,0.225127,0.012986,0.11523,9.6603e-17,9.4648e-17,4.19725e-14,2.01908e-14,success
eigen_partial_piv_lu,random_dense,32,4,1,0.198853,0.0337771,0.0337771,0.23263,0.00844428,0.12912,1.12765e-16,9.3586e-17,3.24216e-14,1.13709e-14,success
eigen_partial_piv_lu,random_dense,32,8,1,0.19865,0.0542183,0.0542183,0.252868,0.00677729,0.151183,1.39374e-16,1.05385e-16,3.95487e-14,1.41181e-14,success
eigen_partial_piv_lu,random_dense,32,16,1,0.199089,0.0953667,0.0953667,0.294455,0.00596042,0.185472,1.61511e-16,1.07424e-16,4.99913e-14,1.47171e-14,success
eigen_partial_piv_lu,random_dense,32,1,2,0.198543,0.0185229,0.0185229,0.217066,0.0185229,0.110074,8.60999e-17,8.60999e-17,2.68615e-15,1.99565e-15,success
eigen_partial_piv_lu,random_dense,32,2,2,0.199216,0.0266508,0.0266508,0.225867,0.0133254,0.114852,1.00837e-16,9.34686e-17,2.68615e-15,1.69538e-15,success
eigen_partial_piv_lu,random_dense,32,4,2,0.205224,0.03447,0.03447,0.239694,0.00861749,0.125315,9.39737e-17,8.36668e-17,3.23247e-15,1.82847e-15,success
eigen_partial_piv_lu,random_dense,32,8,2,0.200282,0.0539058,0.0539058,0.254188,0.00673823,0.150398,1.12768e-16,8.76865e-17,3.121e-15,1.76122e-15,success
eigen_partial_piv_lu,random_dense,32,16,2,0.198499,0.0945892,0.0945892,0.293088,0.00591182,0.186338,1.6756e-16,9.23289e-17,7.13372e-15,2.82121e-15,success
eigen_partial_piv_lu,random_dense,32,1,3,0.198527,0.0184354,0.0184354,0.216962,0.0184354,0.110127,6.57799e-17,6.57799e-17,6.02388e-15,4.66837e-15,success
eigen_partial_piv_lu,random_dense,32,2,3,0.197823,0.0259383,0.0259383,0.223761,0.0129692,0.115933,9.75246e-17,8.16523e-17,7.46664e-15,5.13563e-15,success
eigen_partial_piv_lu,random_dense,32,4,3,0.198536,0.0338909,0.0338909,0.232427,0.00847272,0.129233,9.86699e-17,8.66178e-17,2.23203e-14,1.02779e-14,success
eigen_partial_piv_lu,random_dense,32,8,3,0.198157,0.0541938,0.0541938,0.252351,0.00677422,0.151493,1.26254e-16,8.159e-17,2.76771e-14,1.09658e-14,success
eigen_partial_piv_lu,random_dense,32,16,3,0.19848,0.0950533,0.0950533,0.293534,0.00594083,0.186055,1.26254e-16,7.97229e-17,2.76771e-14,9.20086e-15,success
eigen_partial_piv_lu,random_dense,32,1,4,0.199107,0.0185945,0.0185945,0.217701,0.0185945,0.109753,7.87091e-17,7.87091e-17,1.12825e-15,9.8971e-16,success
eigen_partial_piv_lu,random_dense,32,2,4,0.19817,0.0259129,0.0259129,0.224083,0.0129565,0.115766,7.87091e-17,7.62294e-17,5.30277e-15,2.70364e-15,success
eigen_partial_piv_lu,random_dense,32,4,4,0.19812,0.0337034,0.0337034,0.231823,0.00842585,0.12957,1.16815e-16,8.91314e-17,7.6653e-15,4.82997e-15,success
eigen_partial_piv_lu,random_dense,32,8,4,0.198669,0.0539021,0.0539021,0.252571,0.00673777,0.151361,1.30356e-16,9.1853e-17,6.88766e-15,3.94881e-15,success
eigen_partial_piv_lu,random_dense,32,16,4,0.198451,0.0949033,0.0949033,0.293354,0.00593146,0.186169,1.30356e-16,9.03829e-17,6.88766e-15,3.26774e-15,success
eigen_partial_piv_lu,diagonally_dominant,32,1,0,0.187395,0.0184092,0.0184092,0.205804,0.0184092,0.116097,1.24465e-16,1.24465e-16,5.59964e-16,2.86267e-16,success
eigen_partial_piv_lu,diagonally_dominant,32,2,0,0.187517,0.0258771,0.0258771,0.213394,0.0129386,0.121565,1.24465e-16,1.22978e-16,5.59964e-16,2.78026e-16,success
eigen_partial_piv_lu,diagonally_dominant,32,4,0,0.1877,0.0338417,0.0338417,0.221542,0.00846042,0.135583,1.29272e-16,1.23843e-16,5.57295e-16,2.83716e-16,success
eigen_partial_piv_lu,diagonally_dominant,32,8,0,0.188143,0.0542871,0.0542871,0.24243,0.00678589,0.157692,1.91369e-16,1.38797e-16,5.57295e-16,2.75387e-16,success
eigen_partial_piv_lu,diagonally_dominant,32,16,0,0.188373,0.0951083,0.0951083,0.283482,0.00594427,0.192652,1.91369e-16,1.4546e-16,7.77489e-16,2.90288e-16,success
eigen_partial_piv_lu,diagonally_dominant,32,1,1,0.187834,0.01859,0.01859,0.206424,0.01859,0.115749,1.23068e-16,1.23068e-16,4.48392e-16,2.57802e-16,success
eigen_partial_piv_lu,diagonally_dominant,32,2,1,0.187985,0.0258762,0.0258762,0.213861,0.0129381,0.1213,1.79892e-16,1.5148e-16,5.60489e-16,2.72884e-16,success
eigen_partial_piv_lu,diagonally_dominant,32,4,1,0.187759,0.0336962,0.0336962,0.221455,0.00842406,0.135636,1.8339e-16,1.53626e-16,6.72587e-16,2.81482e-16,success
eigen_partial_piv_lu,diagonally_dominant,32,8,1,0.187402,0.053853,0.053853,0.241255,0.00673162,0.15846,3.14066e-16,1.70985e-16,1.0043e-15,2.73107e-16,success
eigen_partial_piv_lu,diagonally_dominant,32,16,1,0.187732,0.0947604,0.0947604,0.282492,0.00592252,0.193327,3.14066e-16,1.57068e-16,9.99488e-16,2.73504e-16,success
eigen_partial_piv_lu,diagonally_dominant,32,1,2,0.187652,0.018435,0.018435,0.206087,0.018435,0.115938,1.96195e-16,1.96195e-16,5.68478e-16,2.93631e-16,success
eigen_partial_piv_lu,diagonally_dominant,32,2,2,0.187491,0.0258871,0.0258871,0.213378,0.0129435,0.121575,1.96195e-16,1.81893e-16,5.68478e-16,2.69618e-16,success
eigen_partial_piv_lu,diagonally_dominant,32,4,2,0.187867,0.0338042,0.0338042,0.221672,0.00845104,0.135504,2.00249e-16,1.66971e-16,6.71752e-16,2.675e-16,success
eigen_partial_piv_lu,diagonally_dominant,32,8,2,0.187293,0.0538063,0.0538063,0.2411,0.00672578,0.158562,2.00249e-16,1.4975e-16,6.70335e-16,2.77106e-16,success
eigen_partial_piv_lu,diagonally_dominant,32,16,2,0.188295,0.0948225,0.0948225,0.283118,0.00592641,0.1929,2.04197e-16,1.48379e-16,7.77941e-16,2.77046e-16,success
eigen_partial_piv_lu,diagonally_dominant,32,1,3,0.187535,0.0184446,0.0184446,0.205979,0.0184446,0.115999,1.82763e-16,1.82763e-16,5.7767e-16,2.70758e-16,success
eigen_partial_piv_lu,diagonally_dominant,32,2,3,0.187873,0.0258871,0.0258871,0.21376,0.0129435,0.121357,1.82763e-16,1.53893e-16,5.59992e-16,2.63866e-16,success
eigen_partial_piv_lu,diagonally_dominant,32,4,3,0.187446,0.0339275,0.0339275,0.221373,0.00848187,0.135686,1.82763e-16,1.37394e-16,5.59827e-16,2.70535e-16,success
eigen_partial_piv_lu,diagonally_dominant,32,8,3,0.188061,0.0540892,0.0540892,0.24215,0.00676115,0.157875,2.37861e-16,1.42022e-16,7.80649e-16,3.00823e-16,success
eigen_partial_piv_lu,diagonally_dominant,32,16,3,0.188273,0.0950379,0.0950379,0.283311,0.00593987,0.192768,2.37861e-16,1.37391e-16,7.80649e-16,2.95845e-16,success
eigen_partial_piv_lu,diagonally_dominant,32,1,4,0.187495,0.0184571,0.0184571,0.205952,0.0184571,0.116014,1.26123e-16,1.26123e-16,3.40357e-16,2.25865e-16,success
eigen_partial_piv_lu,diagonally_dominant,32,2,4,0.18846,0.0258579,0.0258579,0.214318,0.012929,0.121041,1.26123e-16,1.26071e-16,3.40357e-16,1.93369e-16,success
eigen_partial_piv_lu,diagonally_dominant,32,4,4,0.18866,0.0338504,0.0338504,0.22251,0.0084626,0.134993,1.93468e-16,1.43327e-16,6.74566e-16,2.6523e-16,success
eigen_partial_piv_lu,diagonally_dominant,32,8,4,0.190546,0.0543025,0.0543025,0.244848,0.00678781,0.156135,1.93468e-16,1.40632e-16,6.66467e-16,2.45769e-16,success
eigen_partial_piv_lu,diagonally_dominant,32,16,4,0.188387,0.0948724,0.0948724,0.283259,0.00592953,0.192803,1.93468e-16,1.34595e-16,6.66467e-16,2.56827e-16,success
eigen_partial_piv_lu,random_dense,64,1,0,0.785821,0.055185,0.055185,0.841006,0.055185,0.217543,9.34395e-17,9.34395e-17,8.14009e-15,5.22611e-15,success
eigen_partial_piv_lu,random_dense,64,2,0,0.786616,0.081482,0.081482,0.868098,0.040741,0.22019,1.06294e-16,9.98668e-17,8.14009e-15,4.69963e-15,success
eigen_partial_piv_lu,random_dense,64,4,0,0.785835,0.101664,0.101664,0.887499,0.0254159,0.233838,1.5832e-16,1.27948e-16,3.33383e-14,1.0795e-14,success
eigen_partial_piv_lu,random_dense,64,8,0,0.788674,0.164671,0.164671,0.953345,0.0205838,0.252059,2.69054e-16,1.43786e-16,2.10031e-14,7.82308e-15,success
eigen_partial_piv_lu,random_dense,64,16,0,0.788167,0.294676,0.294676,1.08284,0.0184172,0.282437,2.69054e-16,1.37979e-16,2.10031e-14,7.05327e-15,success
eigen_partial_piv_lu,random_dense,64,1,1,0.784045,0.0548838,0.0548838,0.838929,0.0548838,0.218081,2.32887e-16,2.32887e-16,5.53295e-14,3.06235e-14,success
eigen_partial_piv_lu,random_dense,64,2,1,0.787933,0.0816454,0.0816454,0.869578,0.0408227,0.219815,2.32887e-16,1.97006e-16,5.4449e-14,3.09965e-14,success
eigen_partial_piv_lu,random_dense,64,4,1,0.788422,0.101665,0.101665,0.890087,0.0254163,0.233158,3.14389e-16,2.30896e-16,6.14495e-14,2.70737e-14,success
eigen_partial_piv_lu,random_dense,64,8,1,0.785578,0.167354,0.167354,0.952932,0.0209192,0.252168,2.32887e-16,1.55008e-16,6.13348e-14,2.44295e-14,success
eigen_partial_piv_lu,random_dense,64,16,1,0.786449,0.2963,0.2963,1.08275,0.0185188,0.282461,2.32887e-16,1.58521e-16,7.65272e-14,2.47069e-14,success
eigen_partial_piv_lu,random_dense,64,1,2,0.787531,0.0551566,0.0551566,0.842687,0.0551566,0.217109,1.78673e-16,1.78673e-16,1.2004e-14,8.02651e-15,success
eigen_partial_piv_lu,random_dense,64,2,2,0.787227,0.0817138,0.0817138,0.86894,0.0408569,0.219977,2.92472e-16,2.35572e-16,1.2004e-14,6.10892e-15,success
eigen_partial_piv_lu,random_dense,64,4,2,0.784389,0.101455,0.101455,0.885844,0.0253639,0.234274,1.75483e-16,1.35256e-16,8.94741e-15,5.12788e-15,success
eigen_partial_piv_lu,random_dense,64,8,2,0.783745,0.163837,0.163837,0.947583,0.0204796,0.253591,3.37015e-16,1.86358e-16,1.24486e-14,5.92777e-15,success
eigen_partial_piv_lu,random_dense,64,16,2,0.786868,0.296309,0.296309,1.08318,0.0185193,0.28235,3.37015e-16,1.65811e-16,1.24486e-14,5.76438e-15,success
eigen_partial_piv_lu,random_dense,64,1,3,0.787035,0.0551534,0.0551534,0.842188,0.0551534,0.217237,1.80387e-16,1.80387e-16,3.1161e-14,2.18279e-14,success
eigen_partial_piv_lu,random_dense,64,2,3,0.786465,0.0817499,0.0817499,0.868215,0.040875,0.220161,1.80387e-16,1.39934e-16,3.1161e-14,1.61157e-14,success
eigen_partial_piv_lu,random_dense,64,4,3,0.785005,0.101831,0.101831,0.886837,0.0254578,0.234012,1.72219e-16,1.27882e-16,3.26447e-14,1.45559e-14,success
eigen_partial_piv_lu,random_dense,64,8,3,0.785644,0.164963,0.164963,0.950606,0.0206203,0.252785,1.82852e-16,1.38685e-16,3.09418e-14,1.03409e-14,success
eigen_partial_piv_lu,random_dense,64,16,3,0.78726,0.29575,0.29575,1.08301,0.0184844,0.282393,3.1239e-16,1.67019e-16,3.09016e-14,1.05492e-14,success
eigen_partial_piv_lu,random_dense,64,1,4,0.788823,0.0551854,0.0551854,0.844008,0.0551854,0.216769,1.25129e-16,1.25129e-16,7.23494e-15,4.48282e-15,success
eigen_partial_piv_lu,random_dense,64,2,4,0.788503,0.0814454,0.0814454,0.869948,0.0407227,0.219722,1.45801e-16,1.35465e-16,2.02532e-14,9.22027e-15,success
eigen_partial_piv_lu,random_dense,64,4,4,0.787644,0.101628,0.101628,0.889272,0.0254071,0.233371,1.45187e-16,1.2569e-16,1.36876e-14,6.23613e-15,success
eigen_partial_piv_lu,random_dense,64,8,4,0.78671,0.164442,0.164442,0.951152,0.0205553,0.25264,4.12637e-16,1.62689e-16,2.12547e-14,8.77163e-15,success
eigen_partial_piv_lu,random_dense,64,16,4,0.787937,0.29583,0.29583,1.08377,0.0184893,0.282196,4.12637e-16,1.5906e-16,2.12239e-14,9.04312e-15,success
eigen_partial_piv_lu,diagonally_dominant,64,1,0,0.761193,0.0547621,0.0547621,0.815955,0.0547621,0.224221,1.88881e-16,1.88881e-16,6.68271e-16,3.5892e-16,success
eigen_partial_piv_lu,diagonally_dominant,64,2,0,0.761841,0.08151,0.08151,0.843351,0.040755,0.226651,1.88881e-16,1.71702e-16,6.68271e-16,3.56313e-16,success
eigen_partial_piv_lu,diagonally_dominant,64,4,0,0.764306,0.101955,0.101955,0.866261,0.0254886,0.239571,2.35377e-16,1.85701e-16,6.68271e-16,3.47173e-16,success
eigen_partial_piv_lu,diagonally_dominant,64,8,0,0.762002,0.163913,0.163913,0.925915,0.0204892,0.259526,3.68916e-16,2.15832e-16,1.33231e-15,3.5771e-16,success
eigen_partial_piv_lu,diagonally_dominant,64,16,0,0.762593,0.295653,0.295653,1.05825,0.0184783,0.289002,3.68916e-16,2.03334e-16,1.33231e-15,3.44208e-16,success
eigen_partial_piv_lu,diagonally_dominant,64,1,1,0.762325,0.05501,0.05501,0.817335,0.05501,0.223843,1.93349e-16,1.93349e-16,6.68204e-16,3.6114e-16,success
eigen_partial_piv_lu,diagonally_dominant,64,2,1,0.761555,0.0815338,0.0815338,0.843089,0.0407669,0.226722,1.93349e-16,1.7589e-16,6.68204e-16,3.53715e-16,success
eigen_partial_piv_lu,diagonally_dominant,64,4,1,0.761466,0.101577,0.101577,0.863042,0.0253942,0.240464,2.61528e-16,1.99018e-16,7.7852e-16,3.52009e-16,success
eigen_partial_piv_lu,diagonally_dominant,64,8,1,0.761287,0.164131,0.164131,0.925418,0.0205164,0.259665,2.61528e-16,1.81029e-16,7.7852e-16,3.3349e-16,success
eigen_partial_piv_lu,diagonally_dominant,64,16,1,0.762019,0.295806,0.295806,1.05782,0.0184879,0.289117,2.61528e-16,1.84826e-16,7.78331e-16,3.34118e-16,success
eigen_partial_piv_lu,diagonally_dominant,64,1,2,0.761188,0.0552137,0.0552137,0.816402,0.0552137,0.224099,1.98263e-16,1.98263e-16,5.55183e-16,2.88403e-16,success
eigen_partial_piv_lu,diagonally_dominant,64,2,2,0.761981,0.0850267,0.0850267,0.847008,0.0425133,0.225673,1.98263e-16,1.94736e-16,8.88292e-16,3.41463e-16,success
eigen_partial_piv_lu,diagonally_dominant,64,4,2,0.76176,0.102013,0.102013,0.863773,0.0255032,0.240261,1.98263e-16,1.93774e-16,8.88292e-16,3.56245e-16,success
eigen_partial_piv_lu,diagonally_dominant,64,8,2,0.762907,0.165518,0.165518,0.928424,0.0206897,0.258824,3.96557e-16,2.02151e-16,1.11037e-15,3.66212e-16,success
eigen_partial_piv_lu,diagonally_dominant,64,16,2,0.763215,0.296303,0.296303,1.05952,0.0185189,0.288655,3.96557e-16,1.91838e-16,1.11037e-15,3.608e-16,success
eigen_partial_piv_lu,diagonally_dominant,64,1,3,0.761497,0.054825,0.054825,0.816322,0.054825,0.224121,1.40383e-16,1.40383e-16,5.64446e-16,3.02495e-16,success
eigen_partial_piv_lu,diagonally_dominant,64,2,3,0.761777,0.0811924,0.0811924,0.842969,0.0405962,0.226754,1.6492e-16,1.52652e-16,5.5755e-16,2.85966e-16,success
eigen_partial_piv_lu,diagonally_dominant,64,4,3,0.761398,0.101989,0.101989,0.863387,0.0254972,0.240368,1.91776e-16,1.64354e-16,5.56661e-16,2.91838e-16,success
eigen_partial_piv_lu,diagonally_dominant,64,8,3,0.761639,0.163882,0.163882,0.925521,0.0204853,0.259636,2.04661e-16,1.74613e-16,6.67883e-16,3.05431e-16,success
eigen_partial_piv_lu,diagonally_dominant,64,16,3,0.762119,0.295178,0.295178,1.0573,0.0184486,0.289261,3.23355e-16,2.05649e-16,1.11314e-15,3.25114e-16,success
eigen_partial_piv_lu,diagonally_dominant,64,1,4,0.762209,0.0553946,0.0553946,0.817603,0.0553946,0.223769,1.98316e-16,1.98316e-16,7.92631e-16,3.63426e-16,success
eigen_partial_piv_lu,diagonally_dominant,64,2,4,0.764683,0.08151,0.08151,0.846193,0.040755,0.22589,1.98316e-16,1.84971e-16,7.92631e-16,3.29988e-16,success
eigen_partial_piv_lu,diagonally_dominant,64,4,4,0.761571,0.101787,0.101787,0.863358,0.0254468,0.240376,1.98316e-16,1.91047e-16,7.88309e-16,3.32349e-16,success
eigen_partial_piv_lu,diagonally_dominant,64,8,4,0.761346,0.164618,0.164618,0.925965,0.0205773,0.259512,1.98316e-16,1.83287e-16,7.77704e-16,3.30541e-16,success
eigen_partial_piv_lu,diagonally_dominant,64,16,4,0.76252,0.297472,0.297472,1.05999,0.018592,0.288525,3.31352e-16,1.85066e-16,1.11101e-15,3.3136e-16,success
eigen_partial_piv_lu,random_dense,128,1,0,4.23557,0.185387,0.185387,4.42096,0.185387,0.323656,1.97066e-16,1.97066e-16,9.14961e-15,6.65341e-15,success
eigen_partial_piv_lu,random_dense,128,2,0,4.23582,0.284565,0.284565,4.52038,0.142282,0.323786,1.97066e-16,1.62659e-16,1.78943e-14,9.95756e-15,success
eigen_partial_piv_lu,random_dense,128,4,0,4.23505,0.339703,0.339703,4.57475,0.0849258,0.334264,2.02254e-16,1.89564e-16,2.30069e-14,1.089e-14,success
eigen_partial_piv_lu,random_dense,128,8,0,4.23842,0.55296,0.55296,4.79138,0.0691201,0.346507,3.15451e-16,2.11067e-16,4.09012e-14,1.60074e-14,success
eigen_partial_piv_lu,random_dense,128,16,0,4.25566,1.01568,1.01568,5.27134,0.0634798,0.364687,3.15451e-16,1.98518e-16,5.77848e-14,1.72469e-14,success
eigen_partial_piv_lu,random_dense,128,1,1,4.29281,0.210195,0.210195,4.503,0.210195,0.317759,2.15634e-16,2.15634e-16,9.44422e-14,6.78956e-14,success
eigen_partial_piv_lu,random_dense,128,2,1,4.40366,0.285674,0.285674,4.68934,0.142837,0.31212,3.13798e-16,2.64716e-16,9.37087e-14,5.35175e-14,success
eigen_partial_piv_lu,random_dense,128,4,1,4.28136,0.342335,0.342335,4.6237,0.0855838,0.330725,2.87648e-16,2.32279e-16,1.98436e-13,9.65365e-14,success
eigen_partial_piv_lu,random_dense,128,8,1,4.5456,0.584889,0.584889,5.13049,0.0731111,0.323604,3.13798e-16,2.43554e-16,1.94032e-13,6.41001e-14,success
eigen_partial_piv_lu,random_dense,128,16,1,4.49026,1.04594,1.04594,5.5362,0.0653714,0.34724,3.13798e-16,2.34639e-16,2.15408e-13,7.13397e-14,success
eigen_partial_piv_lu,random_dense,128,1,2,4.38254,0.190048,0.190048,4.57258,0.190048,0.312924,1.53998e-16,1.53998e-16,3.45948e-14,1.90027e-14,success
eigen_partial_piv_lu,random_dense,128,2,2,5.70414,0.290448,0.290448,5.99459,0.145224,0.24416,2.17338e-16,1.85668e-16,3.45948e-14,1.71811e-14,success
eigen_partial_piv_lu,random_dense,128,4,2,4.36763,0.341615,0.341615,4.70925,0.0854036,0.324717,2.6391e-16,1.81331e-16,4.60897e-14,1.66058e-14,success
eigen_partial_piv_lu,random_dense,128,8,2,5.39338,0.578732,0.578732,5.97211,0.0723415,0.278,2.46688e-16,1.94183e-16,3.44835e-14,1.32398e-14,success
eigen_partial_piv_lu,random_dense,128,16,2,4.52155,1.02309,1.02309,5.54464,0.0639429,0.346712,2.4883e-16,1.9074e-16,3.50499e-14,1.34752e-14,success
eigen_partial_piv_lu,random_dense,128,1,3,4.30232,0.190273,0.190273,4.4926,0.190273,0.318495,2.50314e-16,2.50314e-16,1.70055e-14,1.16221e-14,success
eigen_partial_piv_lu,random_dense,128,2,3,4.24289,0.283858,0.283858,4.52675,0.141929,0.323331,2.50314e-16,1.84601e-16,1.6982e-14,1.02874e-14,success
eigen_partial_piv_lu,random_dense,128,4,3,4.25112,0.340359,0.340359,4.59148,0.0850897,0.333046,3.03296e-16,2.31097e-16,3.22302e-14,1.75567e-14,success
eigen_partial_piv_lu,random_dense,128,8,3,4.39614,0.554948,0.554948,4.95109,0.0693685,0.33533,3.22833e-16,2.1126e-16,4.60947e-14,2.34678e-14,success
eigen_partial_piv_lu,random_dense,128,16,3,4.26234,1.01333,1.01333,5.27567,0.0633333,0.364387,3.22833e-16,2.10934e-16,8.6688e-14,3.1458e-14,success
eigen_partial_piv_lu,random_dense,128,1,4,4.24116,0.185165,0.185165,4.42633,0.185165,0.323263,2.33726e-16,2.33726e-16,1.1631e-13,6.94205e-14,success
eigen_partial_piv_lu,random_dense,128,2,4,4.24155,0.28519,0.28519,4.52674,0.142595,0.323331,2.49334e-16,2.4153e-16,1.16238e-13,5.08864e-14,success
eigen_partial_piv_lu,random_dense,128,4,4,4.24067,0.33995,0.33995,4.58062,0.0849876,0.333836,3.05697e-16,2.24448e-16,1.1596e-13,3.98437e-14,success
eigen_partial_piv_lu,random_dense,128,8,4,4.25754,0.59813,0.59813,4.85567,0.0747662,0.341919,2.97072e-16,2.39641e-16,1.51118e-13,4.44034e-14,success
eigen_partial_piv_lu,random_dense,128,16,4,4.26792,1.01282,1.01282,5.28073,0.0633011,0.364038,2.97072e-16,2.12145e-16,1.51118e-13,3.8257e-14,success
eigen_partial_piv_lu,diagonally_dominant,128,1,0,4.17864,0.184773,0.184773,4.36341,0.184773,0.327924,5.34743e-16,5.34743e-16,1.89616e-15,4.84009e-16,success
eigen_partial_piv_lu,diagonally_dominant,128,2,0,4.17588,0.283802,0.283802,4.45968,0.141901,0.328193,5.34743e-16,3.83824e-16,1.88767e-15,4.48551e-16,success
eigen_partial_piv_lu,diagonally_dominant,128,4,0,4.17334,0.339614,0.339614,4.51296,0.0849035,0.338841,5.34743e-16,3.42921e-16,1.88767e-15,4.26095e-16,success
eigen_partial_piv_lu,diagonally_dominant,128,8,0,4.18206,0.554354,0.554354,4.73641,0.0692943,0.350528,5.34743e-16,3.10065e-16,1.88767e-15,4.47868e-16,success
eigen_partial_piv_lu,diagonally_dominant,128,16,0,4.18324,1.01087,1.01087,5.19411,0.0631793,0.370109,5.34743e-16,2.72536e-16,1.88767e-15,4.37472e-16,success
eigen_partial_piv_lu,diagonally_dominant,128,1,1,4.18134,0.185077,0.185077,4.36641,0.185077,0.327699,4.5983e-16,4.5983e-16,1.44795e-15,4.5716e-16,success
eigen_partial_piv_lu,diagonally_dominant,128,2,1,4.17167,0.284583,0.284583,4.45625,0.142291,0.328446,4.5983e-16,3.64942e-16,1.44795e-15,4.6407e-16,success
eigen_partial_piv_lu,diagonally_dominant,128,4,1,4.20167,0.339647,0.339647,4.54132,0.0849119,0.336725,4.5983e-16,3.07501e-16,1.44795e-15,4.39945e-16,success
eigen_partial_piv_lu,diagonally_dominant,128,8,1,4.17502,0.554828,0.554828,4.72985,0.0693535,0.351015,4.5983e-16,3.05405e-16,1.44795e-15,4.48559e-16,success
eigen_partial_piv_lu,diagonally_dominant,128,16,1,4.18446,1.01261,1.01261,5.19707,0.0632883,0.369898,4.5983e-16,3.04609e-16,1.44589e-15,4.48988e-16,success
eigen_partial_piv_lu,diagonally_dominant,128,1,2,4.17659,0.185351,0.185351,4.36194,0.185351,0.328035,2.89736e-16,2.89736e-16,1.233e-15,4.81406e-16,success
eigen_partial_piv_lu,diagonally_dominant,128,2,2,4.2287,0.402507,0.402507,4.63121,0.201254,0.316038,3.26318e-16,3.08027e-16,1.22136e-15,4.74216e-16,success
eigen_partial_piv_lu,diagonally_dominant,128,4,2,4.48786,0.3508,0.3508,4.83866,0.0876999,0.316032,3.84529e-16,3.28984e-16,1.33239e-15,4.62782e-16,success
eigen_partial_piv_lu,diagonally_dominant,128,8,2,4.30912,0.561032,0.561032,4.87015,0.070129,0.340902,3.84529e-16,2.90497e-16,1.33239e-15,4.5133e-16,success
eigen_partial_piv_lu,diagonally_dominant,128,16,2,4.21254,1.01997,1.01997,5.2325,0.0637479,0.367394,4.58331e-16,2.79611e-16,1.33239e-15,4.36209e-16,success
eigen_partial_piv_lu,diagonally_dominant,128,1,3,4.23297,0.185616,0.185616,4.41859,0.185616,0.32383,3.95788e-16,3.95788e-16,1.11657e-15,4.53786e-16,success
eigen_partial_piv_lu,diagonally_dominant,128,2,3,4.21768,0.284261,0.284261,4.50194,0.142131,0.325113,3.95788e-16,3.33824e-16,1.11657e-15,4.34537e-16,success
eigen_partial_piv_lu,diagonally_dominant,128,4,3,5.4501,0.340576,0.340576,5.79068,0.085144,0.264075,3.95788e-16,3.23459e-16,1.11139e-15,4.33117e-16,success
eigen_partial_piv_lu,diagonally_dominant,128,8,3,4.25221,0.562456,0.562456,4.81467,0.070307,0.344831,4.47257e-16,3.13317e-16,1.33299e-15,4.31011e-16,success
eigen_partial_piv_lu,diagonally_dominant,128,16,3,4.45345,1.05541,1.05541,5.50885,0.065963,0.348964,4.47257e-16,2.99369e-16,1.33299e-15,4.30921e-16,success
eigen_partial_piv_lu,diagonally_dominant,128,1,4,4.62051,0.189853,0.189853,4.81036,0.189853,0.297456,3.14638e-16,3.14638e-16,9.20084e-16,4.75292e-16,success
eigen_partial_piv_lu,diagonally_dominant,128,2,4,4.3795,0.298393,0.298393,4.6779,0.149196,0.312884,3.25501e-16,3.2007e-16,1.11269e-15,4.79158e-16,success
eigen_partial_piv_lu,diagonally_dominant,128,4,4,4.26882,0.343502,0.343502,4.61232,0.0858754,0.331541,3.36901e-16,3.11605e-16,1.11116e-15,4.46911e-16,success
eigen_partial_piv_lu,diagonally_dominant,128,8,4,4.21484,0.59847,0.59847,4.81331,0.0748087,0.344928,3.36901e-16,3.00558e-16,1.11116e-15,4.45665e-16,success
eigen_partial_piv_lu,diagonally_dominant,128,16,4,4.21829,1.03559,1.03559,5.25387,0.0647242,0.365899,3.36901e-16,2.94603e-16,1.1106e-15,4.40184e-16,success
eigen_partial_piv_lu,random_dense,256,1,0,24.479,0.705347,0.705347,25.1843,0.705347,0.449323,3.85817e-16,3.85817e-16,8.99051e-13,4.87316e-13,success
eigen_partial_piv_lu,random_dense,256,2,0,23.2694,1.05611,1.05611,24.3255,0.528057,0.470575,3.85817e-16,3.83648e-16,8.99049e-13,3.70837e-13,success
eigen_partial_piv_lu,random_dense,256,4,0,22.6632,1.22742,1.22742,23.8907,0.306856,0.490112,3.42511e-16,2.90808e-16,6.28586e-13,2.26898e-13,success
eigen_partial_piv_lu,random_dense,256,8,0,23.8846,3.32466,3.32466,27.2093,0.415582,0.449604,3.85817e-16,3.15456e-16,8.97671e-13,2.61288e-13,success
eigen_partial_piv_lu,random_dense,256,16,0,22.5972,3.71731,3.71731,26.3145,0.232332,0.504739,4.02427e-16,3.17363e-16,1.11793e-12,3.20716e-13,success
eigen_partial_piv_lu,random_dense,256,1,1,22.8286,0.670174,0.670174,23.4988,0.670174,0.481552,2.7986e-16,2.7986e-16,7.26807e-14,4.36312e-14,success
eigen_partial_piv_lu,random_dense,256,2,1,24.2216,1.06744,1.06744,25.2891,0.533719,0.452644,5.78718e-16,4.29289e-16,4.82867e-13,2.01547e-13,success
eigen_partial_piv_lu,random_dense,256,4,1,23.1495,1.26089,1.26089,24.4104,0.315224,0.479677,4.21982e-16,3.19777e-16,3.29607e-13,1.23117e-13,success
eigen_partial_piv_lu,random_dense,256,8,1,23.1491,2.04501,2.04501,25.1941,0.255627,0.485565,5.78718e-16,3.19352e-16,4.91827e-13,1.64227e-13,success
eigen_partial_piv_lu,random_dense,256,16,1,22.6954,3.71559,3.71559,26.4109,0.232225,0.502896,5.78718e-16,3.1606e-16,5.75103e-13,1.56965e-13,success
eigen_partial_piv_lu,random_dense,256,1,2,22.6497,0.67045,0.67045,23.3202,0.67045,0.48524,3.14531e-16,3.14531e-16,3.70626e-13,2.49487e-13,success
eigen_partial_piv_lu,random_dense,256,2,2,23.8139,1.06932,1.06932,24.8832,0.534658,0.460027,3.25491e-16,3.20011e-16,3.70626e-13,1.74957e-13,success
eigen_partial_piv_lu,random_dense,256,4,2,22.7417,1.27984,1.27984,24.0216,0.31996,0.487441,4.78853e-16,3.17119e-16,5.84657e-13,3.1073e-13,success
eigen_partial_piv_lu,random_dense,256,8,2,24.6487,2.56795,2.56795,27.2167,0.320994,0.449481,4.67517e-16,3.44939e-16,5.89122e-13,2.08267e-13,success
eigen_partial_piv_lu,random_dense,256,16,2,23.0834,3.74126,3.74126,26.8247,0.233829,0.495139,4.67517e-16,3.34891e-16,5.89105e-13,2.22324e-13,success
eigen_partial_piv_lu,random_dense,256,1,3,22.7866,0.670305,0.670305,23.457,0.670305,0.482411,3.73541e-16,3.73541e-16,4.56386e-14,2.38506e-14,success
eigen_partial_piv_lu,random_dense,256,2,3,25.4503,1.13412,1.13412,26.5844,0.56706,0.430589,3.73541e-16,3.50071e-16,4.56386e-14,2.31048e-14,success
eigen_partial_piv_lu,random_dense,256,4,3,22.9737,1.228,1.228,24.2017,0.306999,0.483814,3.68206e-16,3.47335e-16,3.82362e-13,1.48679e-13,success
eigen_partial_piv_lu,random_dense,256,8,3,22.8348,2.01025,2.01025,24.845,0.251281,0.492388,3.73541e-16,3.04218e-16,2.44072e-13,7.98773e-14,success
eigen_partial_piv_lu,random_dense,256,16,3,22.5445,3.7112,3.7112,26.2557,0.23195,0.50587,3.86519e-16,3.09937e-16,6.75585e-13,1.57767e-13,success
eigen_partial_piv_lu,random_dense,256,1,4,24.1217,0.681862,0.681862,24.8036,0.681862,0.45622,3.15444e-16,3.15444e-16,4.53253e-14,3.09735e-14,success
eigen_partial_piv_lu,random_dense,256,2,4,23.879,1.05497,1.05497,24.934,0.527483,0.45909,4.66091e-16,3.90768e-16,8.68641e-14,4.43794e-14,success
eigen_partial_piv_lu,random_dense,256,4,4,22.5866,1.22769,1.22769,23.8143,0.306923,0.491683,3.93138e-16,3.22085e-16,8.08505e-14,3.21206e-14,success
eigen_partial_piv_lu,random_dense,256,8,4,24.214,3.33221,3.33221,27.5462,0.416526,0.444104,4.66091e-16,3.07207e-16,8.66664e-14,3.31878e-14,success
eigen_partial_piv_lu,random_dense,256,16,4,22.5859,3.71059,3.71059,26.2965,0.231912,0.505084,4.66091e-16,3.05558e-16,8.66323e-14,3.1566e-14,success
eigen_partial_piv_lu,diagonally_dominant,256,1,0,22.5341,0.66977,0.66977,23.2039,0.66977,0.487671,3.2386e-16,3.2386e-16,1.23806e-15,5.23109e-16,success
eigen_partial_piv_lu,diagonally_dominant,256,2,0,22.4938,1.05968,1.05968,23.5535,0.529839,0.485998,6.20922e-16,4.72391e-16,1.78099e-15,5.53888e-16,success
eigen_partial_piv_lu,diagonally_dominant,256,4,0,25.5168,1.41928,1.41928,26.9361,0.354819,0.4347,7.61254e-16,5.28482e-16,1.88848e-15,5.7787e-16,success
eigen_partial_piv_lu,diagonally_dominant,256,8,0,22.7768,2.03551,2.03551,24.8124,0.254439,0.493036,7.61254e-16,4.63657e-16,1.88821e-15,5.60675e-16,success
eigen_partial_piv_lu,diagonally_dominant,256,16,0,22.7296,3.71942,3.71942,26.449,0.232464,0.502172,7.61254e-16,4.47415e-16,1.88821e-15,5.56919e-16,success
eigen_partial_piv_lu,diagonally_dominant,256,1,1,23.1577,0.680885,0.680885,23.8386,0.680885,0.474687,4.10203e-16,4.10203e-16,1.33552e-15,6.13851e-16,success
eigen_partial_piv_lu,diagonally_dominant,256,2,1,24.9557,1.05621,1.05621,26.0119,0.528107,0.440066,4.10203e-16,3.6048e-16,1.33552e-15,5.73494e-16,success
eigen_partial_piv_lu,diagonally_dominant,256,4,1,22.6854,1.22968,1.22968,23.9151,0.30742,0.489611,6.085e-16,4.1783e-16,1.66917e-15,5.8642e-16,success
eigen_partial_piv_lu,diagonally_dominant,256,8,1,22.4056,2.01044,2.01044,24.416,0.251305,0.50104,6.085e-16,4.3805e-16,1.66616e-15,5.81016e-16,success
eigen_partial_piv_lu,diagonally_dominant,256,16,1,22.6708,3.83554,3.83554,26.5063,0.239721,0.501087,6.085e-16,4.1544e-16,1.77656e-15,5.57588e-16,success
eigen_partial_piv_lu,diagonally_dominant,256,1,2,24.8128,0.67157,0.67157,25.4844,0.67157,0.444032,4.14066e-16,4.14066e-16,1.4445e-15,5.68994e-16,success
eigen_partial_piv_lu,diagonally_dominant,256,2,2,22.608,1.05472,1.05472,23.6628,0.52736,0.483754,4.14066e-16,3.96393e-16,1.4445e-15,5.46516e-16,success
eigen_partial_piv_lu,diagonally_dominant,256,4,2,22.4374,1.22795,1.22795,23.6653,0.306987,0.494779,4.84323e-16,4.39484e-16,1.55528e-15,5.58756e-16,success
eigen_partial_piv_lu,diagonally_dominant,256,8,2,22.9269,2.01386,2.01386,24.9408,0.251733,0.490497,5.15261e-16,4.34674e-16,1.66637e-15,5.49385e-16,success
eigen_partial_piv_lu,diagonally_dominant,256,16,2,22.8188,3.83899,3.83899,26.6577,0.239937,0.49824,6.93988e-16,4.36179e-16,1.77746e-15,5.4682e-16,success
eigen_partial_piv_lu,diagonally_dominant,256,1,3,24.0227,0.670547,0.670547,24.6932,0.670547,0.458259,4.29447e-16,4.29447e-16,1.6671e-15,6.09354e-16,success
eigen_partial_piv_lu,diagonally_dominant,256,2,3,22.5725,1.06436,1.06436,23.6369,0.53218,0.484283,4.29447e-16,3.85778e-16,1.6671e-15,5.64074e-16,success
eigen_partial_piv_lu,diagonally_dominant,256,4,3,23.0312,1.22833,1.22833,24.2595,0.307083,0.48266,4.8221e-16,4.26873e-16,1.6671e-15,5.54942e-16,success
eigen_partial_piv_lu,diagonally_dominant,256,8,3,22.8962,2.01166,2.01166,24.9078,0.251457,0.491146,4.82895e-16,4.15036e-16,1.66681e-15,5.57179e-16,success
eigen_partial_piv_lu,diagonally_dominant,256,16,3,22.5045,3.71285,3.71285,26.2173,0.232053,0.50661,6.20975e-16,4.31722e-16,2.1113e-15,5.6044e-16,success
eigen_partial_piv_lu,diagonally_dominant,256,1,4,22.4891,0.671473,0.671473,23.1605,0.671473,0.488584,4.1405e-16,4.1405e-16,1.33533e-15,5.46916e-16,success
eigen_partial_piv_lu,diagonally_dominant,256,2,4,22.4107,1.05357,1.05357,23.4643,0.526786,0.487845,4.1405e-16,3.79441e-16,1.33533e-15,5.19902e-16,success
eigen_partial_piv_lu,diagonally_dominant,256,4,4,22.4035,1.22997,1.22997,23.6334,0.307493,0.495447,4.49081e-16,3.85856e-16,1.44595e-15,5.29734e-16,success
eigen_partial_piv_lu,diagonally_dominant,256,8,4,22.4054,2.01136,2.01136,24.4168,0.25142,0.501024,5.19837e-16,4.18e-16,1.66742e-15,5.26196e-16,success
eigen_partial_piv_lu,diagonally_dominant,256,16,4,22.4283,3.70784,3.70784,26.1361,0.23174,0.508184,5.19837e-16,4.34032e-16,1.66614e-15,5.38957e-16,success
